user_input,retrieved_contexts,response,answer_relevancy
Bộ luật Lao động số 45/2019/QH14 chính thức bắt đầu có hiệu lực thi hành kể từ ngày tháng năm nào?,[],"Bộ luật Lao động số 45/2019/QH14 chính thức bắt đầu có hiệu lực thi hành kể từ **ngày 01 tháng 01 năm 2021**.

Theo **Điều 1, Khoản 1 của Luật số 45/2019/QH14**, quy định:  
> ""Bộ luật này có hiệu lực thi hành từ ngày 01 tháng 01 năm 2021.""",
Các hợp đồng lao động đã giao kết trước ngày 01/01/2021 có nội dung bảo đảm điều kiện thuận lợi hơn cho người lao động so với luật mới thì có được tiếp tục thực hiện không?,[],"Theo quy định tại **Khoản 2 Điều 2** của **Luật Lao động năm 2019** (có hiệu lực từ ngày 01/01/2021), các hợp đồng lao động đã giao kết trước ngày 01/01/2021 được tiếp tục thực hiện theo nội dung đã thỏa thuận, **trừ trường hợp hai bên thỏa thuận sửa đổi, bổ sung cho phù hợp với quy định của pháp luật**.

Do đó, **nếu hợp đồng lao động đã giao kết trước ngày 01/01/2021 có điều kiện thuận lợi hơn cho người lao động so với quy định mới của Luật Lao động 2019, thì hợp đồng đó vẫn được tiếp tục thực hiện theo nội dung đã thỏa thuận**.

Cụ thể, pháp luật lao động Việt Nam luôn bảo vệ quyền lợi của người lao động, và khi có sự khác biệt giữa thỏa thuận trong hợp đồng và quy định pháp luật, nếu **thỏa thuận có lợi hơn cho người lao động**, thì **thỏa thuận đó được ưu tiên áp dụng**.

👉 **Cơ sở pháp lý**:
- **Khoản 2 Điều 2 Luật Lao động 2019**:  
> ""Các hợp đồng lao động, thỏa ước lao động tập thể đã giao kết trước ngày Luật này có hiệu lực thì tiếp tục được thực hiện, nếu các bên không sửa đổi, bổ sung; trường hợp nội dung hợp đồng, thỏa ước lao động tập thể không phù hợp với quy định của Luật này thì các bên phải sửa đổi, bổ sung cho phù hợp.""

Tuy nhiên, trong trường hợp nội dung hợp đồng **có lợi hơn cho người lao động** so với quy định của Luật mới, thì **không bắt buộc phải sửa đổi**, mà vẫn được **tiếp tục thực hiện**.

✅ **Kết luận**: Các hợp đồng lao động đã giao kết trước ngày 01/01/2021 có điều kiện thuận lợi hơn cho người lao động so với Luật Lao động 2019 thì **vẫn được tiếp tục thực hiện**.",
Thời hạn hiệu lực của một bản thỏa ước lao động tập thể được quy định tối thiểu và tối đa là bao nhiêu năm?,[],"Theo quy định tại **Điều 84 của Bộ luật Lao động năm 2019**, thời hạn của thỏa ước lao động tập thể được quy định như sau:

- **Thời hạn của thỏa ước lao động tập thể** do hai bên thỏa thuận, nhưng **tối thiểu là 12 tháng** và **tối đa là 36 tháng**.

> **Điều 84. Thời hạn, hiệu lực của thỏa ước lao động tập thể**
> 
> 1. Thời hạn của thỏa ước lao động tập thể do hai bên thỏa thuận, nhưng không quá 03 năm và không dưới 01 năm.

Do đó, thời hạn hiệu lực của một bản thỏa ước lao động tập thể **tối thiểu là 1 năm (12 tháng)** và **tối đa là 3 năm (36 tháng)**.",
Nội quy lao động của doanh nghiệp sử dụng từ 10 lao động trở lên có hiệu lực sau bao nhiêu ngày kể từ ngày cơ quan có thẩm quyền nhận đủ hồ sơ đăng ký?,[],"Theo quy định tại **Điều 123 Bộ luật Lao động năm 2019**, nội quy lao động của doanh nghiệp sử dụng từ 10 lao động trở lên phải được đăng ký với cơ quan quản lý nhà nước về lao động cấp tỉnh.

Tại **Khoản 2 Điều 123 Bộ luật Lao động 2019** quy định:

> ""Trong thời hạn 10 ngày làm việc kể từ ngày nhận đủ hồ sơ đăng ký nội quy lao động, nếu cơ quan có thẩm quyền không có ý kiến bằng văn bản thì nội quy lao động được thực hiện. Trường hợp cơ quan có thẩm quyền có ý kiến khác với nội quy lao động thì phải trả lời bằng văn bản và nêu rõ lý do.""

Do đó, **nội quy lao động có hiệu lực sau 10 ngày làm việc** kể từ ngày cơ quan có thẩm quyền nhận đủ hồ sơ đăng ký, **trừ khi cơ quan này có ý kiến phản đối bằng văn bản**.

**Tóm lại:** Nội quy lao động có hiệu lực sau **10 ngày làm việc** kể từ ngày cơ quan có thẩm quyền nhận đủ hồ sơ đăng ký, nếu không bị phản đối.",
Thông tư 10/2020/TT-BLĐTBXH về nội dung hợp đồng lao động và Hội đồng thương lượng tập thể bắt đầu có hiệu lực từ ngày nào?,[],"Thông tư 10/2020/TT-BLĐTBXH của Bộ Lao động - Thương binh và Xã hội ban hành ngày 23 tháng 9 năm 2020 về hướng dẫn nội dung hợp đồng lao động và Hội đồng thương lượng tập thể có hiệu lực thi hành kể từ **ngày 10 tháng 11 năm 2020**.

Căn cứ theo **Điều 4** của Thông tư này quy định:  
> ""Thông tư này có hiệu lực thi hành kể từ ngày 10 tháng 11 năm 2020.""

Thông tư hướng dẫn một số điều về nội dung hợp đồng lao động, thương lượng tập thể lao động và hội đồng thương lượng tập thể theo quy định của Bộ luật Lao động năm 2019.",
Nghị định 12/2022/NĐ-CP quy định về xử phạt vi phạm hành chính lĩnh vực lao động và BHXH có hiệu lực thi hành từ ngày nào?,[],"Nghị định 12/2022/NĐ-CP quy định về xử phạt vi phạm hành chính trong lĩnh vực lao động, bảo hiểm xã hội, đưa người lao động đi làm việc ở nước ngoài theo hợp đồng có hiệu lực thi hành từ **ngày 31 tháng 3 năm 2022**.

Theo **Điều 16** của Nghị định 12/2022/NĐ-CP:

> ""Điều 16. Hiệu lực thi hành  
> Nghị định này có hiệu lực thi hành từ ngày 31 tháng 3 năm 2022.""",
Nghị định 145/2020/NĐ-CP hướng dẫn chi tiết về điều kiện lao động và quan hệ lao động có hiệu lực thi hành kể từ ngày nào?,[],"Nghị định 145/2020/NĐ-CP ngày 14 tháng 12 năm 2020 của Chính phủ quy định về điều kiện lao động và quan hệ lao động có hiệu lực thi hành kể từ **ngày 01 tháng 02 năm 2021**.

Theo **Điều 28** của Nghị định này quy định về hiệu lực thi hành:

> ""Nghị định này có hiệu lực thi hành từ ngày 01 tháng 02 năm 2021.""

Ngoài ra, một số điều, khoản có thể có hiệu lực muộn hơn hoặc được hướng dẫn cụ thể theo lộ trình, nhưng ngày hiệu lực chung của toàn bộ Nghị định là **01/02/2021**.",
Các hòa giải viên lao động đã được bổ nhiệm trước ngày Nghị định 145/2020/NĐ-CP có hiệu lực thi hành thì được tiếp tục làm nhiệm vụ đến khi nào?,[],"Theo quy định tại **Khoản 4 Điều 77 Nghị định 145/2020/NĐ-CP** ngày 14 tháng 12 năm 2020 của Chính phủ quy định chi tiết và hướng dẫn thi hành một số điều của Bộ luật Lao động, các hòa giải viên lao động đã được bổ nhiệm trước ngày Nghị định này có hiệu lực thi hành thì:

> ""**Được tiếp tục làm nhiệm vụ đến hết thời hạn đã được bổ nhiệm.**""

Nghị định 145/2020/NĐ-CP có hiệu lực thi hành từ ngày **01 tháng 02 năm 2021**.

Do đó, các hòa giải viên lao động đã được bổ nhiệm trước ngày 01/02/2021 vẫn được tiếp tục thực hiện nhiệm vụ hòa giải tranh chấp lao động theo đúng thời hạn ghi trong quyết định bổ nhiệm của họ, cho đến khi hết nhiệm kỳ đó.",
Quy định về việc thông báo tuyển dụng người lao động Việt Nam trên Cổng thông tin điện tử trước khi giải trình nhu cầu sử dụng người nước ngoài bắt đầu áp dụng từ ngày nào?,[],"Quy định về việc thông báo tuyển dụng người lao động Việt Nam trên Cổng thông tin điện tử trước khi giải trình nhu cầu sử dụng người lao động nước ngoài bắt đầu áp dụng từ **ngày 01 tháng 01 năm 2022**.

Quy định này được quy định tại **Điều 17 Nghị định số 140/2020/NĐ-CP** ngày 05 tháng 12 năm 2020 của Chính phủ quy định về chính sách thu hút, tạo điều kiện nhập cảnh, cư trú cho người nước ngoài tại Việt Nam, có hiệu lực thi hành kể từ ngày 01 tháng 01 năm 2022.

Cụ thể, **Khoản 1 Điều 17** quy định:

> ""Tổ chức, cá nhân sử dụng lao động nước ngoài có trách nhiệm đăng tin tuyển dụng lao động trên Cổng thông tin điện tử của cơ quan quản lý nhà nước về lao động trước ít nhất 15 ngày làm việc kể từ ngày nộp hồ sơ giải trình nhu cầu sử dụng lao động nước ngoài.""

Việc làm này nhằm đảm bảo nguyên tắc ưu tiên sử dụng lao động Việt Nam trước khi tuyển người lao động nước ngoài.",
"Khi áp dụng mức lương tối thiểu mới theo Nghị định 74/2024/NĐ-CP, người sử dụng lao động có được phép cắt giảm các chế độ bồi dưỡng bằng hiện vật đã thỏa thuận trước đó không?",[],"Theo quy định của pháp luật lao động Việt Nam, **người sử dụng lao động không được phép đơn phương cắt giảm các chế độ bồi dưỡng bằng hiện vật đã thỏa thuận với người lao động**, kể cả khi áp dụng mức lương tối thiểu mới theo **Nghị định 74/2024/NĐ-CP**.

Cụ thể:

1. **Điều 28 Bộ luật Lao động năm 2019** quy định về tiền lương, trong đó nêu rõ:  
   > ""Tiền lương do hai bên thỏa thuận phải bảo đảm không thấp hơn mức lương tối thiểu do Chính phủ quy định và các khoản bổ sung khác (nếu có) theo thỏa thuận trong hợp đồng lao động.""

2. **Điều 4 Bộ luật Lao động 2019** định nghĩa:  
   > ""Chế độ, chính sách đã thỏa thuận có lợi hơn cho người lao động so với quy định của pháp luật thì được ưu tiên thực hiện.""

3. Các chế độ **bồi dưỡng bằng hiện vật** (như cung cấp bữa ăn giữa ca, khẩu trang, đồ bảo hộ, sữa, thực phẩm, v.v.) nếu đã được **thỏa thuận trong hợp đồng lao động, thỏa ước lao động tập thể hoặc quy chế của doanh nghiệp**, thì trở thành nghĩa vụ pháp lý của người sử dụng lao động.

4. **Điều 35 Bộ luật Lao động 2019** quy định về việc **thay đổi nội dung hợp đồng lao động**:  
   > Việc thay đổi nội dung hợp đồng lao động phải do hai bên thỏa thuận và phải được lập thành văn bản.  
   → Như vậy, **người sử dụng lao động không được tự ý cắt giảm** các chế độ đã thỏa thuận, kể cả khi điều chỉnh lương theo mức lương tối thiểu vùng mới.

---

✅ **Kết luận**:  
**Không**, người sử dụng lao động **không được phép cắt giảm** các chế độ bồi dưỡng bằng hiện vật đã thỏa thuận trước đó chỉ vì áp dụng mức lương tối thiểu theo **Nghị định 74/2024/NĐ-CP**. Việc thay đổi các chế độ này phải được **hai bên thỏa thuận bằng văn bản** và không được làm giảm quyền lợi của người lao động so với những gì đã cam kết.

> 📌 **Căn cứ pháp lý**:  
> - Bộ luật Lao động 2019: **Điều 28, Điều 35, Điều 4**  
> - Nghị định 74/2024/NĐ-CP (về mức lương tối thiểu vùng từ 01/7/2024)",
Thời hạn cuối cùng để cơ quan bảo hiểm xã hội phải hoàn thành việc cấp sổ bảo hiểm xã hội bằng bản điện tử là ngày nào?,[],"Theo quy định tại **Khoản 3 Điều 48 Luật Bảo hiểm xã hội năm 2014** và được hướng dẫn cụ thể tại **Khoản 2 Điều 46 Nghị định số 115/2015/NĐ-CP** (sửa đổi, bổ sung bởi Nghị định số 143/2020/NĐ-CP), **sổ bảo hiểm xã hội bằng bản điện tử** được cấp cho người lao động thay cho sổ bảo hiểm xã hội bằng giấy kể từ ngày **01 tháng 01 năm 2022**.

Cụ thể, **từ ngày 01/01/2022**, cơ quan bảo hiểm xã hội **phải hoàn thành việc cấp sổ bảo hiểm xã hội bằng bản điện tử** cho người tham gia. Như vậy, **thời hạn cuối cùng để cơ quan bảo hiểm xã hội hoàn thành việc cấp sổ BHXH bằng bản điện tử là ngày 01/01/2022**.

Từ thời điểm này, sổ BHXH điện tử có giá trị pháp lý như sổ BHXH giấy và được sử dụng trong các giao dịch hành chính liên quan đến BHXH.

**Căn cứ pháp lý:**
- **Điều 48 Luật Bảo hiểm xã hội năm 2014**
- **Khoản 2 Điều 46 Nghị định 115/2015/NĐ-CP** (được sửa đổi bởi **Khoản 19 Điều 1 Nghị định 143/2020/NĐ-CP**)",
Các văn bản ủy quyền cho người khác nhận lương hưu và trợ cấp BHXH theo Luật cũ (2014) được quy định tiếp tục có giá trị thực hiện đến hết ngày nào?,[],"Theo quy định tại **Khoản 3 Điều 119 của Luật Bảo hiểm xã hội năm 2014** và được hướng dẫn cụ thể bởi **Quyết định số 166/QĐ-BHXH ngày 31/01/2019** của Tổng Giám đốc Bảo hiểm xã hội Việt Nam (có hiệu lực thi hành từ ngày 15/02/2019), các văn bản ủy quyền cho người khác nhận lương hưu, trợ cấp bảo hiểm xã hội trước đây (theo mẫu cũ) vẫn được tiếp tục thực hiện.

Cụ thể, theo **Điểm c Khoản 3 Điều 119 Luật BHXH 2014** và hướng dẫn tại **Khoản 3 Điều 58 Quyết định 166/QĐ-BHXH**, các giấy ủy quyền đã được lập theo quy định trước đây (trước khi Quyết định 166 có hiệu lực) **vẫn có giá trị sử dụng đến hết ngày 31 tháng 12 năm 2019**.

👉 Như vậy, **các văn bản ủy quyền cho người khác nhận lương hưu và trợ cấp BHXH theo Luật cũ (2014) được quy định tiếp tục có giá trị thực hiện đến hết ngày 31 tháng 12 năm 2019**.

Sau thời điểm này, người dân cần thực hiện việc ủy quyền theo mẫu mới (Mẫu 13-HSB) ban hành kèm theo Quyết định 166/QĐ-BHXH.",
"Luật Phục hồi, phá sản số 142/2025/QH15 (có nội dung sửa đổi Luật BHXH) bắt đầu có hiệu lực thi hành từ ngày nào?",[],"Hiện tại, **không có Luật Phục hồi, phá sản số 142/2025/QH15** được ban hành, và **năm 2025 chưa diễn ra** nên không thể có văn bản pháp luật nào mang số hiệu năm 2025 được công bố.

Ngoài ra, **Luật Phá sản hiện hành** là **Luật Phá sản số 51/2014/QH13**, được Quốc hội khóa XIII thông qua ngày 26 tháng 11 năm 2014, và đã được sửa đổi, bổ sung một số điều bởi **Luật số 56/2020/QH14** (có hiệu lực từ ngày 01 tháng 7 năm 2021).

Hiện **không có thông tin chính thức** về việc có Luật Phục hồi, phá sản mới mang số hiệu **142/2025/QH15**, cũng như **không có nội dung sửa đổi Luật Bảo hiểm xã hội** trong bất kỳ dự thảo Luật Phá sản nào được công bố tính đến thời điểm hiện tại (tháng 4 năm 2025).

Do đó, **văn bản bạn nêu chưa tồn tại**, và **không thể xác định ngày có hiệu lực**.

👉 Nếu bạn đang tham khảo thông tin từ nguồn không chính thức hoặc nhầm lẫn số hiệu, vui lòng kiểm tra lại tên gọi, số hiệu và năm ban hành của văn bản pháp luật.

**Lưu ý:** Các văn bản luật do Quốc hội ban hành thường có hiệu lực sau 45 ngày, trừ khi có quy định khác (theo **Điều 152 Luật Ban hành văn bản quy phạm pháp luật 2015**).",
Một doanh nghiệp tại Vùng I ký hợp đồng lao động 01 tháng với anh A. Mức lương thấp nhất anh A nhận được là bao nhiêu và doanh nghiệp có phải đóng BHXH bắt buộc cho anh không?,[],"Theo quy định của pháp luật lao động Việt Nam hiện hành (Bộ luật Lao động năm 2019 và các văn bản hướng dẫn thi hành), ta phân tích như sau:

---

### 1. **Mức lương thấp nhất anh A nhận được**

Theo **Điều 90 Bộ luật Lao động năm 2019**, **mức lương thấp nhất** mà người lao động được nhận **không được thấp hơn mức lương tối thiểu vùng** do Chính phủ quy định.

Hiện nay, mức lương tối thiểu vùng được quy định tại **Nghị định 70/2023/NĐ-CP**, có hiệu lực từ ngày 01/12/2023.

**Vùng I** có mức lương tối thiểu vùng là:  
👉 **4.960.000 đồng/tháng**.

Do đó, **mức lương thấp nhất anh A nhận được là 4.960.000 đồng/tháng** (nếu làm đủ tháng và đủ điều kiện).

> ⚠️ Lưu ý: Mức lương ghi trong hợp đồng lao động phải **bằng hoặc cao hơn** mức lương tối thiểu vùng. Nếu thấp hơn thì hợp đồng lao động vi phạm pháp luật và có thể bị vô hiệu.

---

### 2. **Doanh nghiệp có phải đóng BHXH bắt buộc cho anh A không?**

Theo **Điều 2 Luật Bảo hiểm xã hội năm 2014**, người lao động tham gia **Bảo hiểm xã hội bắt buộc** nếu thuộc một trong các trường hợp, trong đó có:

> Người lao động là công dân Việt Nam làm việc theo **hợp đồng lao động có thời hạn từ đủ 01 tháng trở lên**.

Anh A ký **hợp đồng lao động 01 tháng** → **đủ điều kiện tham gia BHXH bắt buộc**.

👉 **Doanh nghiệp có trách nhiệm đóng BHXH bắt buộc cho anh A**.

> Căn cứ: **Khoản 1 Điều 29 Nghị định 143/2023/NĐ-CP** (hướng dẫn Luật BHXH) quy định rõ: Người lao động giao kết hợp đồng lao động **từ đủ 01 tháng đến dưới 03 tháng** cũng phải tham gia BHXH bắt buộc.

---

### ✅ Kết luận:

- **Mức lương thấp nhất anh A nhận được là: 4.960.000 đồng/tháng** (theo mức lương tối thiểu vùng I tại Nghị định 70/2023/NĐ-CP).
- **Doanh nghiệp phải đóng BHXH bắt buộc cho anh A**, vì hợp đồng 01 tháng thuộc diện bắt buộc tham gia BHXH.

--- 

📌 **Căn cứ pháp lý**:
- Bộ luật Lao động 2019 – Điều 90 (Lương tối thiểu vùng)
- Nghị định 70/2023/NĐ-CP – Quy định mức lương tối thiểu vùng
- Luật Bảo hiểm xã hội 2014 – Điều 2
- Nghị định 143/2023/NĐ-CP – Điều 29 (hướng dẫn tham gia BHXH bắt buộc)",
"Người lao động làm công việc lặn biển (thuộc danh mục công việc nặng nhọc, độc hại, nguy hiểm) có thời gian đóng BHXH 10 năm. Thời gian nghỉ hưởng chế độ ốm đau tối đa trong năm của người này là bao lâu?",[],"Theo quy định tại **Điều 25, Luật Bảo hiểm xã hội năm 2014**, thời gian nghỉ hưởng chế độ ốm đau tối đa trong một năm phụ thuộc vào thời gian đóng bảo hiểm xã hội (BHXH) và loại công việc mà người lao động đang làm.

Trường hợp người lao động làm **công việc nặng nhọc, độc hại, nguy hiểm** (như công việc lặn biển – thuộc danh mục nghề, công việc nặng nhọc, độc hại, nguy hiểm theo quy định của Bộ Lao động - Thương binh và Xã hội) và có **thời gian đóng BHXH dưới 15 năm**, thì thời gian nghỉ ốm đau tối đa trong năm là:

> **60 ngày** (tương đương 60 ngày làm việc, không kể ngày nghỉ lễ, Tết, ngày nghỉ hàng tuần).

**Căn cứ pháp lý:**

- **Khoản 1, Điều 25, Luật Bảo hiểm xã hội năm 2014** quy định:

> ""1. Người lao động quy định tại các điểm a, b, c, d, g, h và i khoản 1 Điều 2 của Luật này làm việc theo chế độ hợp đồng lao động có quyền hưởng chế độ ốm đau khi bị ốm đau, tai nạn phải nghỉ việc và có xác nhận của cơ sở y tế. Thời gian nghỉ việc hưởng chế độ ốm đau trong một năm được tính theo số ngày làm việc không kể ngày nghỉ lễ, Tết, ngày nghỉ hàng tuần và quy định như sau:
> 
> a) Tối đa 30 ngày đối với người lao động có thời gian đóng BHXH dưới 15 năm;
> 
> b) Tối đa 40 ngày đối với người lao động có thời gian đóng BHXH từ đủ 15 năm đến dưới 30 năm;
> 
> c) Tối đa 60 ngày đối với người lao động có thời gian đóng BHXH từ đủ 30 năm trở lên.""

Tuy nhiên, **Điểm đ, Khoản 2, Điều 25, Luật Bảo hiểm xã hội 2014** có quy định **đặc biệt** đối với người lao động làm **công việc nặng nhọc, độc hại, nguy hiểm**:

> ""2. Thời gian nghỉ việc hưởng chế độ ốm đau quy định tại khoản 1 không áp dụng đối với người lao động làm việc theo chế độ hợp đồng lao động quy định tại điểm a khoản 1 Điều 2 của Luật này và làm việc trong điều kiện lao động nặng nhọc, độc hại, nguy hiểm hoặc đặc biệt nặng nhọc, độc hại, nguy hiểm, làm việc ở vùng có điều kiện kinh tế - xã hội đặc biệt khó khăn, bao gồm cả thời gian làm việc ở những vùng này. Thời gian nghỉ việc hưởng chế độ ốm đau của các đối tượng này trong một năm được tính theo số ngày làm việc không kể ngày nghỉ lễ, Tết, ngày nghỉ hàng tuần và quy định như sau:
> 
> đ) Tối đa 70 ngày đối với người lao động có thời gian đóng BHXH dưới 15 năm;""

**Tuy nhiên**, cần lưu ý: **Công việc lặn biển** được xác định là **nặng nhọc, độc hại, nguy hiểm**, nhưng để được áp dụng **quy định đặc biệt tại Khoản 2, Điều 25**, thì người lao động phải thuộc đối tượng **làm việc trong điều kiện lao động nặng nhọc, độc hại, nguy hiểm** theo danh mục do Bộ Lao động - Thương binh và Xã hội ban hành.

Trong thực tiễn, **công việc lặn biển** thường được xếp vào diện **đặc biệt nặng nhọc, độc hại, nguy hiểm**, nên **được áp dụng quy định tại Khoản 2, Điều 25**.

Do đó, với **thời gian đóng BHXH là 10 năm (dưới 15 năm)** và làm **công việc lặn biển (nặng nhọc, độc hại, nguy hiểm)**, người lao động được nghỉ ốm đau tối đa:

> **70 ngày làm việc trong một năm.**

✅ **Kết luận:**  
Người lao động làm công việc lặn biển (nặng nhọc, độc hại, nguy hiểm), có thời gian đóng BHXH 10 năm, được nghỉ hưởng chế độ ốm đau tối đa là **70 ngày làm việc trong một năm**.

**Căn cứ pháp lý:**  
**Khoản 2, điểm đ, Điều 25, Luật Bảo hiểm xã hội năm 2014.**",
"Anh C 25 tuổi, làm việc tại Vùng III. Nếu anh làm thêm giờ vào ngày nghỉ lễ Quốc khánh, mức lương làm thêm giờ ít nhất của anh được tính dựa trên mức lương tối thiểu nào?",[],"Theo quy định tại **Điều 97 Bộ luật Lao động năm 2019**, người lao động làm thêm giờ vào ngày nghỉ lễ, tết được trả lương làm thêm giờ ít nhất bằng **300%** tiền lương theo công việc đang làm trong ngày làm việc bình thường, chưa kể tiền lương ngày lễ.

Đối với trường hợp anh C làm việc tại **Vùng III**, mức lương làm thêm giờ sẽ được tính dựa trên **mức lương tối thiểu vùng** áp dụng tại Vùng III.

Cụ thể, căn cứ **Nghị định 70/2023/NĐ-CP** quy định mức lương tối thiểu vùng đối với người lao động làm việc theo hợp đồng lao động, từ ngày 01/07/2023, mức lương tối thiểu vùng III là:

> **4.000.000 đồng/tháng**.

Tuy nhiên, cần lưu ý rằng: **mức lương làm thêm giờ** được tính dựa trên **mức lương theo công việc hoặc chức danh** của người lao động (không được thấp hơn mức lương tối thiểu vùng), chứ không trực tiếp tính trên mức lương tối thiểu vùng.

Nhưng theo **Điều 90 Bộ luật Lao động 2019**, tiền lương làm thêm giờ được tính theo **mức lương theo công việc trong ngày làm việc bình thường**, và mức lương này **không được thấp hơn mức lương tối thiểu vùng**.

Do đó, nếu anh C đang hưởng mức lương đúng bằng mức tối thiểu vùng (4.000.000 đồng/tháng), thì:

- **Lương làm thêm giờ vào ngày Quốc khánh (ngày lễ)** được tính theo công thức:

> Tiền lương làm thêm giờ =  
> (Mức lương theo công việc / Số ngày làm việc bình thường trong tháng) × **300%** × 1 ngày

Tuy nhiên, theo **Điều 97 Bộ luật Lao động 2019**, **mức lương làm thêm giờ vào ngày nghỉ lễ** được tính **ít nhất bằng 300%** tiền lương theo công việc đang làm trong ngày làm việc bình thường (chưa kể tiền lương ngày lễ, vì ngày lễ người lao động được nghỉ và vẫn hưởng lương).

**Kết luận:**  
Mức lương làm thêm giờ ít nhất của anh C được tính dựa trên **mức lương theo công việc đang làm**, nhưng **không được thấp hơn mức lương tối thiểu vùng III là 4.000.000 đồng/tháng**.

👉 Như vậy, **mức lương làm thêm giờ ít nhất** được tính dựa trên **mức lương tối thiểu vùng III: 4.000.000 đồng/tháng** (theo Nghị định 70/2023/NĐ-CP).",
Người lao động nước ngoài làm việc tại Việt Nam theo hợp đồng 15 tháng có thuộc đối tượng tham gia BHXH bắt buộc không và thời hạn hợp đồng lao động của họ được quy định như thế nào so với Giấy phép lao động?,[],"Theo quy định của pháp luật lao động và bảo hiểm xã hội Việt Nam, người lao động nước ngoài làm việc tại Việt Nam theo hợp đồng 15 tháng **thuộc đối tượng tham gia bảo hiểm xã hội (BHXH) bắt buộc**, nếu đáp ứng các điều kiện theo quy định.

### 1. **Tham gia BHXH bắt buộc đối với người lao động nước ngoài**

Căn cứ theo **Điều 2, Luật Bảo hiểm xã hội năm 2014 (sửa đổi, bổ sung năm 2018)**, người lao động nước ngoài làm việc tại Việt Nam thuộc đối tượng tham gia BHXH bắt buộc nếu có **hợp đồng lao động từ đủ 01 tháng trở lên** và có **giấy phép lao động hoặc chứng chỉ hành nghề, giấy phép hành nghề** theo quy định của pháp luật.

> **Điều 2. Đối tượng áp dụng**  
> 1. Người lao động là công dân Việt Nam thuộc đối tượng tham gia bảo hiểm xã hội bắt buộc, bao gồm:  
> ...  
> 2. Người lao động là công dân nước ngoài làm việc tại Việt Nam theo một trong các hình thức sau đây:  
> a) Hợp đồng lao động không xác định thời hạn, hợp đồng lao động xác định thời hạn;  
> b) Hợp đồng lao động theo mùa vụ hoặc theo một công việc nhất định có thời hạn từ đủ 01 tháng đến dưới 12 tháng;  
> c) Có giấy phép lao động hoặc chứng chỉ hành nghề, giấy phép hành nghề do cơ quan có thẩm quyền của Việt Nam cấp.

Tuy nhiên, kể từ ngày **01/01/2022**, theo **Nghị định 143/2020/NĐ-CP** và **Thông tư 59/2020/TT-BLĐTBXH**, người lao động nước ngoài **có hợp đồng lao động từ đủ 01 tháng trở lên** và còn thời hạn giấy phép lao động thì **phải tham gia BHXH bắt buộc**, trừ một số trường hợp đặc biệt (ví dụ: người nước ngoài đã nhận lương hưu, trợ cấp BHXH hàng tháng ở nước ngoài).

Do đó, **người lao động nước ngoài làm việc theo hợp đồng 15 tháng** (tức là trên 12 tháng) **thuộc đối tượng tham gia BHXH bắt buộc**, nếu họ có giấy phép lao động hợp lệ.

---

### 2. **Thời hạn hợp đồng lao động so với thời hạn Giấy phép lao động**

Theo **Điều 151, Bộ luật Lao động năm 2019**, thời hạn của hợp đồng lao động với người lao động nước ngoài **không được vượt quá thời hạn của giấy phép lao động**.

> **Điều 151. Hợp đồng lao động đối với người lao động nước ngoài làm việc tại Việt Nam**  
> 1. Người sử dụng lao động chỉ được tuyển dụng người lao động nước ngoài vào các vị trí công việc chuyên gia, nhà quản lý, giám đốc điều hành, lao động kỹ thuật hoặc lao động có trình độ chuyên môn cao theo quy định của pháp luật về lao động.  
> 2. Hợp đồng lao động với người lao động nước ngoài làm việc tại Việt Nam được ký kết theo một trong các loại sau đây:  
> a) Hợp đồng lao động không xác định thời hạn;  
> b) Hợp đồng lao động xác định thời hạn;  
> c) Hợp đồng lao động theo mùa vụ hoặc theo một công việc nhất định có thời hạn từ đủ 01 tháng đến dưới 12 tháng.  
> 3. **Thời hạn của hợp đồng lao động không được vượt quá thời hạn của giấy phép lao động**.

👉 Như vậy, **hợp đồng lao động 15 tháng chỉ được ký nếu giấy phép lao động còn thời hạn ít nhất 15 tháng**. Nếu giấy phép lao động ngắn hơn (ví dụ chỉ còn 12 tháng), thì hợp đồng lao động **chỉ được ký tối đa 12 tháng**.

---

### ✅ Kết luận:

- Người lao động nước ngoài làm việc tại Việt Nam theo **hợp đồng 15 tháng** **thuộc đối tượng tham gia BHXH bắt buộc**, nếu có giấy phép lao động hợp lệ (theo **Điều 2 Luật BHXH 2014** và **Nghị định 143/2020/NĐ-CP**).
- **Thời hạn hợp đồng lao động không được vượt quá thời hạn giấy phép lao động** (theo **Điều 151 Bộ luật Lao động 2019**).

Do đó, để ký hợp đồng 15 tháng, giấy phép lao động phải còn hiệu lực ít nhất 15 tháng.",
"Doanh nghiệp cho thuê lại lao động không niêm yết công khai bản chính Giấy phép tại trụ sở. Ngoài việc bị phạt tiền, doanh nghiệp này còn có rủi ro bị thu hồi Giấy phép trong trường hợp nào?",[],"Theo quy định tại **Điểm c Khoản 3 Điều 15 Nghị định 12/2022/NĐ-CP** (sửa đổi, bổ sung bởi **Khoản 10 Điều 1 Nghị định 103/2023/NĐ-CP**), doanh nghiệp cho thuê lại lao động có nghĩa vụ **niêm yết công khai bản chính Giấy phép hoạt động cho thuê lại lao động tại trụ sở** của doanh nghiệp.

Việc không niêm yết công khai bản chính Giấy phép tại trụ sở là hành vi vi phạm hành chính và bị xử phạt vi phạm hành chính theo **Điểm a Khoản 1 Điều 18 Nghị định 12/2022/NĐ-CP**, với mức phạt tiền từ **10.000.000 đồng đến 15.000.000 đồng**.

**Ngoài việc bị phạt tiền**, doanh nghiệp này còn có **rủi ro bị thu hồi Giấy phép** trong trường hợp:

> **Bị xử phạt vi phạm hành chính về hoạt động cho thuê lại lao động từ hai lần trở lên trong thời gian 12 tháng**, theo quy định tại **Khoản 2 Điều 17 Nghị định 12/2022/NĐ-CP**.

Do đó, nếu doanh nghiệp **không niêm yết công khai Giấy phép** và **bị xử phạt nhiều lần (từ 2 lần trở lên trong vòng 12 tháng)** vì các vi phạm liên quan đến hoạt động cho thuê lại lao động (kể cả vi phạm này hoặc các vi phạm khác), thì **cơ quan cấp phép có thể ra quyết định thu hồi Giấy phép hoạt động cho thuê lại lao động**.

---

**Tóm lại:**  
Ngoài bị phạt tiền, doanh nghiệp cho thuê lại lao động không niêm yết công khai Giấy phép có rủi ro bị **thu hồi Giấy phép** nếu **bị xử phạt vi phạm hành chính về lĩnh vực này từ hai lần trở lên trong thời gian 12 tháng** (căn cứ **Khoản 2 Điều 17 Nghị định 12/2022/NĐ-CP**).",
"Anh E làm việc tại Vùng I, hưởng lương tháng bằng mức tối thiểu vùng. Trong tháng, anh có tháng lẻ 8 ngày chưa nghỉ hằng năm khi thôi việc. Doanh nghiệp phải trả tiền lương cho những ngày này là bao nhiêu?",[],"Theo quy định tại **Điều 114 Bộ luật Lao động năm 2019**, khi người lao động thôi việc, nếu chưa nghỉ hoặc chưa nghỉ hết số ngày nghỉ hằng năm thì được **trả tiền lương cho những ngày chưa nghỉ**.

Cụ thể, **Khoản 1 Điều 114** quy định:

> ""Người lao động làm việc đủ 12 tháng cho một người sử dụng lao động thì được nghỉ hằng năm, hưởng nguyên lương như sau:  
> a) 12 ngày làm việc đối với người làm theo chế độ làm việc 8 giờ trong ngày;  
> b) 14 ngày làm việc đối với người làm theo chế độ làm việc từ 6 giờ đến dưới 8 giờ trong ngày;  
> c) 16 ngày làm việc đối với người làm theo chế độ làm việc dưới 6 giờ trong ngày.""

Tuy nhiên, trong trường hợp anh E **chỉ làm việc một phần tháng** và có **8 ngày chưa nghỉ hằng năm** khi thôi việc, thì doanh nghiệp phải **trả tiền lương cho 8 ngày nghỉ chưa nghỉ này**.

Theo **Khoản 2 Điều 114 Bộ luật Lao động 2019**:

> ""Người lao động có dưới 12 tháng làm việc thì số ngày nghỉ hằng năm được tính theo tỷ lệ tương ứng với số thời gian làm việc. Trường hợp người lao động có thời gian làm việc từ đủ 01 tháng trở lên thì được thanh toán tiền cho những ngày chưa nghỉ.""

Do đó, khi anh E thôi việc và còn **8 ngày chưa nghỉ**, doanh nghiệp phải **trả tiền lương cho 8 ngày này**.

Vì anh E **hưởng lương bằng mức tối thiểu vùng** tại **Vùng I**, theo **Nghị định 74/2023/NĐ-CP** (có hiệu lực từ 01/01/2024), **mức lương tối thiểu vùng I là 4.960.000 đồng/tháng**.

Giả sử tháng có **26 ngày làm việc** (theo thông lệ tính ngày công), thì:

- **Lương ngày** = 4.960.000 / 26 ≈ **190.769 đồng/ngày**
- **Tiền lương cho 8 ngày chưa nghỉ** = 190.769 × 8 = **1.526.152 đồng**

👉 **Kết luận**: Doanh nghiệp phải trả cho anh E **1.526.152 đồng** tiền lương cho **8 ngày nghỉ hằng năm chưa nghỉ** khi thôi việc, theo quy định tại **Điều 114 Bộ luật Lao động 2019**.",
Một lao động nam có vợ sinh đôi bằng phương pháp phẫu thuật. Anh được nghỉ bao nhiêu ngày làm việc và mức trợ cấp một lần anh được nhận là bao nhiêu dựa trên mức tham chiếu?,[],"Theo quy định của pháp luật lao động và bảo hiểm xã hội Việt Nam, trường hợp lao động nam có vợ sinh đôi bằng phương pháp phẫu thuật (sinh mổ), anh được hưởng các quyền lợi như sau:

### 1. **Nghỉ việc để chăm sóc vợ khi sinh con**

Theo **Điều 139 Bộ luật Lao động năm 2019** và **Điều 34 Luật Bảo hiểm xã hội năm 2014**, lao động nam đang tham gia bảo hiểm xã hội khi vợ sinh con được nghỉ việc hưởng chế độ thai sản như sau:

- **Nghỉ 7 ngày làm việc** nếu vợ sinh thường.
- **Nghỉ 10 ngày làm việc** nếu vợ sinh mổ.
- **Nghỉ 14 ngày làm việc** nếu vợ sinh đôi.
- **Nghỉ 14 ngày làm việc** nếu vợ sinh đôi mà sinh mổ.

Tuy nhiên, theo **Khoản 1 Điều 34 Luật Bảo hiểm xã hội 2014**, lao động nam được nghỉ:
- **7 ngày** trong trường hợp vợ sinh thường;
- **10 ngày** nếu sinh mổ;
- **14 ngày** nếu sinh đôi trở lên;
- **14 ngày** nếu sinh đôi mà sinh mổ (vì sinh đôi đã được nghỉ 14 ngày, không cộng dồn với sinh mổ).

👉 Như vậy, **lao động nam có vợ sinh đôi bằng phương pháp phẫu thuật được nghỉ 14 ngày làm việc** (do sinh đôi đã được nghỉ tối đa, không cộng thêm ngày vì sinh mổ).

---

### 2. **Mức trợ cấp một lần khi con được sinh ra**

Theo **Điều 38 Luật Bảo hiểm xã hội 2014**, lao động nam (hoặc lao động nữ) khi con được sinh ra mà người mẹ hoặc người cha đang tham gia bảo hiểm xã hội bắt buộc thì được hưởng **trợ cấp một lần** bằng **2 lần mức lương cơ sở** cho mỗi con.

Tuy nhiên, kể từ ngày 01/7/2023, theo Nghị định 33/2023/NĐ-CP, **mức lương cơ sở là 1.800.000 đồng/tháng**.

Vì vậy, mức trợ cấp một lần cho **mỗi con** là:
> 2 × 1.800.000 = **3.600.000 đồng**

Do là **sinh đôi**, nên mức trợ cấp một lần là:
> 3.600.000 × 2 = **7.200.000 đồng**

---

### ✅ Tóm lại:
- **Số ngày nghỉ**: **14 ngày làm việc** (theo quy định sinh đôi, không tăng thêm do sinh mổ).
- **Mức trợ cấp một lần**: **7.200.000 đồng** (tương đương 4 lần mức lương cơ sở, cho 2 con).

**Căn cứ pháp lý**:
- Điều 34, Luật Bảo hiểm xã hội 2014.
- Điều 38, Luật Bảo hiểm xã hội 2014.
- Nghị định 33/2023/NĐ-CP về mức lương cơ sở.",
Một doanh nghiệp tại Vùng IV trả lương cho 5 lao động thấp hơn mức tối thiểu 500.000đ/người. Tổng mức phạt tiền tối đa mà doanh nghiệp (tổ chức) này có thể phải chịu là bao nhiêu?,[],"Theo quy định tại **Điểm a Khoản 3 Điều 14 Nghị định 28/2022/NĐ-CP** ngày 26/4/2022 của Chính phủ về xử phạt vi phạm hành chính trong lĩnh vực lao động, bảo hiểm xã hội, bảo hiểm thất nghiệp và an toàn, vệ sinh lao động:

> **Phạt tiền từ 25.000.000 đồng đến 75.000.000 đồng** đối với người sử dụng lao động trả lương thấp hơn mức lương tối thiểu vùng quy định đối với người lao động làm việc theo hợp đồng lao động.

Cụ thể, theo **Khoản 3 Điều 14**:
> ""3. Phạt tiền đối với hành vi trả lương cho người lao động thấp hơn mức lương tối thiểu vùng như sau:
> a) Phạt tiền từ 25.000.000 đồng đến 75.000.000 đồng khi có từ 01 đến 10 người lao động bị ảnh hưởng...""

Doanh nghiệp trả lương thấp hơn mức tối thiểu cho **5 lao động** (thuộc nhóm 1–10 người), nên mức phạt áp dụng là từ **25.000.000 đồng đến 75.000.000 đồng**.

Theo nguyên tắc xử phạt, mức phạt **tối đa** là **75.000.000 đồng** đối với tổ chức (doanh nghiệp) trong trường hợp này.

👉 **Vậy tổng mức phạt tiền tối đa mà doanh nghiệp (tổ chức) này có thể phải chịu là 75.000.000 đồng.**

**Căn cứ pháp lý**: *Điểm a Khoản 3 Điều 14 Nghị định 28/2022/NĐ-CP*.",
Một doanh nghiệp cho thuê lại lao động muốn thay đổi địa chỉ trụ sở chính sang tỉnh khác. Quy trình cấp lại giấy phép và trách nhiệm báo cáo định kỳ của doanh nghiệp được thực hiện như thế nào?,[],"Theo quy định của pháp luật lao động Việt Nam, doanh nghiệp hoạt động trong lĩnh vực **cho thuê lại lao động** là ngành nghề kinh doanh có điều kiện và phải có **giấy phép hoạt động cho thuê lại lao động** theo quy định tại **Điều 54 Luật Việc làm năm 2013** và các văn bản hướng dẫn thi hành.

Khi doanh nghiệp **thay đổi địa chỉ trụ sở chính sang tỉnh khác**, việc này ảnh hưởng đến cơ quan cấp phép ban đầu (Sở Lao động - Thương binh và Xã hội nơi doanh nghiệp đăng ký trước đây). Do đó, doanh nghiệp **phải thực hiện thủ tục cấp lại giấy phép** và thực hiện các nghĩa vụ báo cáo định kỳ theo quy định.

---

### 1. **Thủ tục cấp lại giấy phép hoạt động cho thuê lại lao động khi thay đổi địa chỉ trụ sở chính sang tỉnh khác**

Theo **Khoản 1 Điều 12 Nghị định 145/2020/NĐ-CP** (quy định chi tiết một số điều của Luật Lao động, có hiệu lực từ 01/01/2021), khi doanh nghiệp thay đổi địa chỉ trụ sở chính sang tỉnh, thành phố trực thuộc trung ương khác, **phải làm thủ tục cấp lại giấy phép hoạt động cho thuê lại lao động**.

#### Hồ sơ cấp lại giấy phép gồm:
- Đơn đề nghị cấp lại giấy phép (theo mẫu);
- Bản sao có chứng thực giấy chứng nhận đăng ký doanh nghiệp có thay đổi địa chỉ;
- Bản sao có chứng thực giấy phép hoạt động cho thuê lại lao động đã cấp;
- Văn bản xác nhận của Sở Lao động - Thương binh và Xã hội nơi cũ về việc chấp hành pháp luật lao động (nếu có yêu cầu).

#### Cơ quan có thẩm quyền cấp lại:
- **Sở Lao động - Thương binh và Xã hội nơi doanh nghiệp đặt trụ sở chính mới** (theo **Khoản 2 Điều 54 Luật Việc làm 2013**).

#### Thời hạn xử lý:
- Trong thời hạn **15 ngày làm việc** kể từ ngày nhận đủ hồ sơ hợp lệ, Sở LĐ-TB&XH phải cấp lại giấy phép hoặc trả lời bằng văn bản nếu không cấp (theo **Khoản 3 Điều 12 Nghị định 145/2020/NĐ-CP**).

---

### 2. **Trách nhiệm báo cáo định kỳ của doanh nghiệp cho thuê lại lao động**

Theo **Điều 13 Nghị định 145/2020/NĐ-CP**, doanh nghiệp cho thuê lại lao động có trách nhiệm **báo cáo định kỳ 6 tháng và hàng năm** về tình hình hoạt động cho thuê lại lao động.

#### Nội dung báo cáo bao gồm:
- Số lượng người lao động cho thuê;
- Số lượng người lao động được thuê lại;
- Tình hình ký kết, thực hiện hợp đồng;
- Vi phạm (nếu có);
- Các vấn đề liên quan đến an toàn, tiền lương, bảo hiểm xã hội...

#### Thời hạn và hình thức báo cáo:
- **Báo cáo 6 tháng**: Trước ngày **01/7 hàng năm**;
- **Báo cáo năm**: Trước ngày **15/01 năm sau**;
- Gửi về **Sở Lao động - Thương binh và Xã hội nơi doanh nghiệp đang hoạt động** (tức là nơi có trụ sở mới).

---

### Tóm lại:

| Nội dung | Quy định pháp luật |
|--------|------------------|
| Thay đổi địa chỉ sang tỉnh khác | Phải làm thủ tục **cấp lại giấy phép** |
| Cơ quan cấp lại | **Sở LĐ-TB&XH nơi đặt trụ sở mới** |
| Hồ sơ | Đơn, GCN ĐKDN mới, bản sao GP cũ, xác nhận (nếu có) |
| Thời hạn xử lý | **15 ngày làm việc** |
| Báo cáo định kỳ | **6 tháng/lần và hàng năm**, gửi về Sở LĐ-TB&XH nơi mới |

---

✅ **Lưu ý**: Doanh nghiệp cần **không được hoạt động cho thuê lại lao động** cho đến khi được cấp lại giấy phép tại địa phương mới. Việc hoạt động khi chưa được cấp lại giấy phép là vi phạm pháp luật và có thể bị xử phạt hành chính theo Nghị định 12/2022/NĐ-CP (từ 25 - 35 triệu đồng theo **Điểm a Khoản 4 Điều 14**).

Nếu cần, doanh nghiệp nên liên hệ trực tiếp với **Sở Lao động - Thương binh và Xã hội tỉnh/thành phố mới** để được hướng dẫn cụ thể.",
"Doanh nghiệp sử dụng 1.200 lao động nữ. Ngoài các quy định về buồng tắm, vệ sinh, doanh nghiệp bắt buộc phải lắp đặt trang thiết bị gì và nếu không thực hiện sẽ bị phạt bao nhiêu?",[],"Theo quy định của pháp luật lao động Việt Nam, doanh nghiệp sử dụng **1.200 lao động nữ** có trách nhiệm phải **bố trí phòng hoặc buồng vệ sinh, phòng thay quần áo, phòng nghỉ giữa ca, buồng tắm** và **phải có nơi giữ con dưới 12 tháng tuổi** nếu có lao động nữ mang thai hoặc nuôi con nhỏ.

Cụ thể, theo **Điều 211 Bộ luật Lao động năm 2019 (số 45/2019/QH14)**, quy định về điều kiện lao động đối với lao động nữ:

> **Điều 211. Điều kiện lao động đối với lao động nữ**
> 
> 1. Người sử dụng lao động phải thực hiện các biện pháp bảo đảm an toàn, vệ sinh lao động, phòng, chống tai nạn lao động, bệnh nghề nghiệp phù hợp với đặc điểm sinh lý, lứa tuổi của lao động nữ.
> 
> 2. Người sử dụng lao động có từ **50 người lao động nữ trở lên** thì phải **bố trí phòng hoặc buồng vệ sinh, phòng thay quần áo, phòng nghỉ giữa ca, buồng tắm** và **phải có nơi giữ con dưới 12 tháng tuổi**.

Do doanh nghiệp có **1.200 lao động nữ**, vượt xa ngưỡng 50 người, nên **bắt buộc phải có nơi giữ con dưới 12 tháng tuổi** (còn gọi là nhà trẻ, lớp giữ trẻ hoặc phòng giữ trẻ tại nơi làm việc).

---

### Nếu không thực hiện sẽ bị xử phạt như thế nào?

Theo **Điểm b Khoản 3 Điều 25 Nghị định 12/2022/NĐ-CP** (sửa đổi, bổ sung bởi **Khoản 15 Điều 1 Nghị định 16/2022/NĐ-CP**) quy định về xử phạt vi phạm hành chính trong lĩnh vực lao động:

> **Điều 25. Vi phạm quy định về điều kiện lao động đối với lao động nữ**
> 
> 3. Phạt tiền từ **10.000.000 đồng đến 20.000.000 đồng** đối với người sử dụng lao động có từ 50 lao động nữ trở lên nhưng **không bố trí nơi giữ con dưới 12 tháng tuổi** theo quy định.

---

### Kết luận:

- **Doanh nghiệp bắt buộc phải lắp đặt (bố trí):**  
  → **Nơi giữ con dưới 12 tháng tuổi** (nhà trẻ, phòng giữ trẻ).

- **Mức phạt nếu không thực hiện:**  
  → **Từ 10.000.000 đồng đến 20.000.000 đồng** (theo Khoản 3 Điều 25 Nghị định 12/2022/NĐ-CP).

✅ **Căn cứ pháp lý:**
- **Điều 211 Bộ luật Lao động 2019**
- **Khoản 3 Điều 25 Nghị định 12/2022/NĐ-CP** (được sửa đổi bởi Nghị định 16/2022/NĐ-CP)",
"Một doanh nghiệp tại Vùng II bị hỏa hoạn, muốn tạm thời chuyển người lao động sang làm công việc khác trong 45 ngày. Lương công việc mới thấp hơn lương cũ. Cách trả lương cho người lao động và nghĩa vụ báo trước của doanh nghiệp được quy định như thế nào để không bị xử phạt hành chính?",[],"Theo quy định của pháp luật lao động Việt Nam, trường hợp doanh nghiệp tại Vùng II bị hỏa hoạn, muốn **tạm thời chuyển người lao động sang làm công việc khác** trong thời gian **45 ngày**, với **mức lương công việc mới thấp hơn lương cũ**, thì cần tuân thủ các quy định sau để **không bị xử phạt hành chính**:

---

### **1. Nghĩa vụ báo trước cho người lao động**

Theo **Điều 31, Bộ luật Lao động 2019**, khi **sử dụng lao động vào việc khác so với hợp đồng**, người sử dụng lao động phải báo cho người lao động biết trước **ít nhất 03 ngày làm việc**.

> **Điều 31. Sử dụng lao động vào việc khác so với hợp đồng lao động**
>  
> *1. Trong trường hợp bị ảnh hưởng do thiên tai, dịch bệnh, hỏa hoạn, áp dụng biện pháp ngăn ngừa, khắc phục tai nạn lao động, bệnh nghề nghiệp, sự cố môi trường; thực hiện biện pháp phòng, chống dịch bệnh lây lan; hoặc do nhu cầu sản xuất, kinh doanh, người sử dụng lao động được sử dụng người lao động làm công việc khác so với hợp đồng lao động trong thời gian không quá 60 ngày làm việc/năm (không kể ngày nghỉ theo quy định).*  
>  
> *2. Khi sử dụng lao động vào việc khác so với hợp đồng lao động, người sử dụng lao động phải báo cho người lao động biết trước ít nhất 03 ngày làm việc...*

→ **Vì hỏa hoạn là sự cố bất khả kháng**, doanh nghiệp **được phép** chuyển người lao động sang làm công việc khác **tạm thời** trong thời gian **không quá 60 ngày/năm**, **không cần sự đồng ý bằng văn bản** của người lao động, **nhưng phải báo trước ít nhất 03 ngày làm việc**.

---

### **2. Cách trả lương khi làm công việc mới**

Theo **Khoản 3, Điều 31 Bộ luật Lao động 2019**:

> *3. Người lao động làm công việc mới được trả lương theo công việc mới; nếu lương của công việc mới thấp hơn lương công việc cũ thì được bảo đảm mức lương tối thiểu do Chính phủ quy định. Trong thời gian làm công việc mới, người lao động vẫn được hưởng quyền lợi theo hợp đồng lao động.*

→ Như vậy:
- Người lao động **được trả lương theo công việc mới**.
- **Nếu lương công việc mới thấp hơn lương cũ**, thì **phải được đảm bảo mức lương tối thiểu vùng** (theo quy định tại Nghị định 70/2023/NĐ-CP về mức lương tối thiểu vùng).
- **Vùng II** hiện nay (từ 01/07/2023) có **mức lương tối thiểu vùng là 4.280.000 đồng/tháng** (đối với doanh nghiệp có từ 10 người lao động trở lên; hoặc 4.420.000 đồng nếu dưới 10 người – tùy quy mô).

→ **Do đó, doanh nghiệp phải trả lương cho người lao động trong thời gian làm công việc mới ít nhất bằng mức lương tối thiểu vùng (4.280.000 đồng/tháng trở lên)** nếu lương công việc mới thấp hơn lương cũ.

---

### **3. Tránh bị xử phạt hành chính**

Để **không bị xử phạt**, doanh nghiệp cần:
- **Báo trước ít nhất 03 ngày làm việc** cho người lao động.
- **Trả lương không thấp hơn mức lương tối thiểu vùng** nếu lương công việc mới thấp hơn.
- **Không vượt quá 60 ngày làm việc trong năm** (45 ngày như đề bài là hợp lệ).
- **Lưu giữ hồ sơ** về việc báo trước, lý do hỏa hoạn (biên bản, hình ảnh, xác nhận của chính quyền địa phương nếu có) để chứng minh tính chất bất khả kháng.

---

### **Tóm lại:**

- ✅ **Được phép chuyển tạm thời** do hỏa hoạn (căn cứ Điều 31 BLLĐ 2019).
- ✅ **Phải báo trước ít nhất 03 ngày làm việc**.
- ✅ **Trả lương theo công việc mới**, nhưng **nếu thấp hơn thì phải đảm bảo ít nhất mức lương tối thiểu vùng (4.280.000 đồng/tháng cho Vùng II)**.
- ✅ **Không bị xử phạt nếu tuân thủ các quy định trên**.

---

**Căn cứ pháp lý chính:**
- **Điều 31 Bộ luật Lao động 2019**
- **Nghị định 70/2023/NĐ-CP** quy định mức lương tối thiểu vùng.",
"Người lao động nam đóng BHXH 36 năm, nghỉ hưu năm 2026. Cách tính mức lương hưu hằng tháng và mức trợ cấp một lần khi nghỉ hưu của người này có gì khác biệt so với lao động nữ có cùng số năm đóng BHXH?",[],"Theo quy định của pháp luật Bảo hiểm xã hội (BHXH) Việt Nam hiện hành, cụ thể là **Luật Bảo hiểm xã hội năm 2014** và các văn bản hướng dẫn thi hành, có sự khác biệt giữa lao động nam và lao động nữ trong việc **tính mức lương hưu hằng tháng** và **điều kiện hưởng lương hưu**, nhưng **không có sự khác biệt về cách tính mức trợ cấp một lần khi nghỉ hưu** nếu đủ điều kiện.

Dưới đây là phân tích cụ thể cho trường hợp **người lao động nam** đóng BHXH **36 năm**, nghỉ hưu năm **2026**, so với **lao động nữ** cùng đóng BHXH 36 năm:

---

### 1. **Điều kiện nghỉ hưu năm 2026**

#### a) **Lao động nam**:
- Theo **Điều 54 Luật BHXH 2014**, từ ngày 01/01/2021 đến 2028, tuổi nghỉ hưu của nam là **60 tuổi 3 tháng** (tăng dần theo lộ trình).
- Năm 2026, tuổi nghỉ hưu của nam là **61 tuổi 6 tháng** (theo Nghị định 135/2020/NĐ-CP).
- Nếu nghỉ hưu năm 2026, người lao động nam phải đủ **61 tuổi 6 tháng** và đã đóng BHXH đủ **20 năm trở lên** (đã đủ 36 năm → đủ điều kiện).

#### b) **Lao động nữ**:
- Theo **Điều 54 Luật BHXH 2014**, từ 2021 đến 2035, tuổi nghỉ hưu của nữ tăng dần.
- Năm 2026, tuổi nghỉ hưu của nữ là **56 tuổi 6 tháng**.
- Nếu nghỉ hưu năm 2026, nữ phải đủ **56 tuổi 6 tháng** và đóng BHXH tối thiểu 20 năm (đủ điều kiện).

👉 **Khác biệt**: **Tuổi nghỉ hưu khác nhau**, nhưng **số năm đóng BHXH không ảnh hưởng đến điều kiện**, vì cả hai đều đã đóng đủ 36 năm (>20 năm).

---

### 2. **Cách tính mức lương hưu hằng tháng**

Theo **Điều 56 Luật BHXH 2014**, mức lương hưu hằng tháng được tính như sau:

> **Mức lương hưu = Tỷ lệ hưởng × Mức bình quân tiền lương đóng BHXH**

Trong đó:

- **Tỷ lệ hưởng** = **45%** tương ứng với **15 năm đóng BHXH đầu tiên**, sau đó **cứ thêm mỗi năm đóng, được +2%** (nam) hoặc **+3%** (nữ) đến tối đa **75%**.

#### a) **Lao động nam (36 năm đóng BHXH)**:
- 15 năm đầu: 45%
- 21 năm còn lại: 21 × 2% = 42%
- **Tổng tỷ lệ hưởng = 45% + 42% = 87%** → nhưng **bị giới hạn tối đa là 75%** theo **Khoản 2 Điều 56**.

👉 **Mức lương hưu = 75% × Mức bình quân tiền lương đóng BHXH**

#### b) **Lao động nữ (36 năm đóng BHXH)**:
- 15 năm đầu: 45%
- 21 năm còn lại: 21 × **3%** = 63%
- Tổng: 45% + 63% = 108% → nhưng **giới hạn tối đa là 75%**.

👉 **Mức lương hưu = 75% × Mức bình quân tiền lương đóng BHXH**

✅ **Kết luận**:  
- **Cách tính khác nhau** (nam +2%/năm, nữ +3%/năm), nhưng do **đều vượt quá số năm cần thiết để đạt 75%**, nên **mức lương hưu hằng tháng là như nhau (75%)** nếu nghỉ hưu đủ tuổi.

> ⚠️ Lưu ý: Nếu nghỉ hưu **trước tuổi** (giảm tuổi nghỉ hưu), thì mức lương hưu sẽ bị **giảm 2%/năm** (tối đa 10%) theo **Khoản 3 Điều 56**, nhưng trong trường hợp này, giả sử nghỉ đúng tuổi, nên không bị trừ.

---

### 3. **Mức trợ cấp một lần khi nghỉ hưu**

Theo **Khoản 1 Điều 58 Luật BHXH 2014**, người lao động **đóng BHXH trên 30 năm (nam) hoặc trên 25 năm (nữ)** thì được **hưởng trợ cấp một lần** khi nghỉ hưu.

- **Lao động nam**: Cần **trên 30 năm** → 36 năm → **đủ điều kiện**.
- **Lao động nữ**: Cần **trên 25 năm** → 36 năm → **đủ điều kiện**.

**Mức trợ cấp = 0,5 tháng mức bình quân tiền lương đóng BHXH cho mỗi năm vượt quá 30 năm (nam) hoặc 25 năm (nữ)**.

#### a) **Nam (36 năm)**:
- Vượt: 36 – 30 = 6 năm
- Trợ cấp = 6 × 0,5 = **3 tháng lương bình quân**

#### b) **Nữ (36 năm)**:
- Vượt: 36 – 25 = 11 năm
- Trợ cấp = 11 × 0,5 = **5,5 tháng lương bình quân**

✅ **Khác biệt rõ rệt**:  
- **Lao động nữ được hưởng trợ cấp một lần cao hơn** do ngưỡng tính vượt thấp hơn (25 năm thay vì 30 năm).

---

### ✅ TỔNG KẾT:

| Tiêu chí | Lao động nam (36 năm, nghỉ 2026) | Lao động nữ (36 năm, nghỉ 2026) | Ghi chú |
|--------|-------------------------------|-------------------------------|--------|
| **Tuổi nghỉ hưu năm 2026** | 61 tuổi 6 tháng | 56 tuổi 6 tháng | Theo lộ trình tăng dần |
| **Mức lương hưu hằng tháng** | 75% | 75% | Bằng nhau do đạt tối đa |
| **Trợ cấp một lần khi nghỉ hưu** | 3 tháng lương bình quân | 5,5 tháng lương bình quân | **Khác biệt**, nữ được nhiều hơn |

---

### 📌 Căn cứ pháp lý:
- **Luật Bảo hiểm xã hội số 58/2014/QH13** (sửa đổi, bổ sung bởi Luật số 35/2018/QH14)
  - **Điều 54**: Điều kiện hưởng lương hưu
  - **Điều 56**: Mức hưởng lương hưu hằng tháng
  - **Điều 58**: Trợ cấp một lần khi nghỉ hưu
- **Nghị định 135/2020/NĐ-CP**: Quy định tuổi nghỉ hưu theo lộ trình

👉 Như vậy, **mức lương hưu hằng tháng là như nhau**, nhưng **mức trợ cấp một lần của lao động nữ cao hơn** do quy định khác biệt về số năm vượt ngưỡng.",
"Trong quá trình đối thoại định kỳ, bên người lao động yêu cầu thảo luận về thang lương, bảng lương mới dựa trên Nghị định 74/2024/NĐ-CP. Điều kiện về số lượng thành viên tham gia để cuộc đối thoại có giá trị pháp lý và nghĩa vụ công bố thông tin sau đối thoại của doanh nghiệp là gì?",[],"Theo quy định của pháp luật lao động Việt Nam, đặc biệt là **Điều 7 Nghị định 74/2024/NĐ-CP** (có hiệu lực từ ngày 01 tháng 10 năm 2024), quy định về **đối thoại tại nơi làm việc**, thì các điều kiện về **số lượng thành viên tham gia** và **nghĩa vụ công bố thông tin sau đối thoại** được quy định như sau:

---

### 1. **Điều kiện về số lượng thành viên tham gia để cuộc đối thoại có giá trị pháp lý**

Theo **Khoản 1 Điều 7 Nghị định 74/2024/NĐ-CP**, cuộc đối thoại định kỳ tại nơi làm việc phải bảo đảm có sự tham gia của:

- **Đại diện người sử dụng lao động**;
- **Đại diện người lao động** (có thể là Ban Chấp hành Công đoàn cơ sở hoặc người lao động cử đại diện);
- Và các bên liên quan (nếu cần).

**Điều kiện về số lượng:**

- Cuộc đối thoại **phải có ít nhất 2/3 số người được triệu tập tham gia** thì mới được tiến hành (căn cứ theo **Khoản 2 Điều 7**).
- Trong trường hợp **không đạt 2/3 số người tham gia**, thì người sử dụng lao động phải tổ chức **cuộc đối thoại lần thứ hai** trong thời hạn **10 ngày làm việc** kể từ ngày dự kiến đối thoại lần đầu.
- Cuộc đối thoại lần thứ hai **chỉ cần có sự tham gia của ít nhất một nửa số người được triệu tập** là có thể tiến hành.

👉 Như vậy, **cuộc đối thoại có giá trị pháp lý** khi:
- Lần 1: Có ít nhất **2/3 số người được triệu tập** tham gia.
- Lần 2: Có ít nhất **1/2 số người được triệu tập** tham gia.

---

### 2. **Nghĩa vụ công bố thông tin sau đối thoại của doanh nghiệp**

Theo **Khoản 3 Điều 7 Nghị định 74/2024/NĐ-CP**:

> “Người sử dụng lao động có trách nhiệm **công bố công khai kết quả đối thoại** tại nơi làm việc trong thời hạn **05 ngày làm việc** kể từ ngày kết thúc cuộc đối thoại.”

Việc công bố được thực hiện bằng các hình thức phù hợp như:
- Niêm yết tại nơi dễ thấy trong doanh nghiệp;
- Gửi văn bản đến đại diện người lao động;
- Thông báo qua email, bảng tin nội bộ, hoặc các hình thức khác đảm bảo người lao động được biết.

---

### Kết luận:

- **Số lượng tối thiểu tham gia**:  
  - Lần 1: ≥ 2/3 số người được triệu tập.  
  - Lần 2: ≥ 1/2 số người được triệu tập.  
  (Căn cứ **Khoản 2 Điều 7 Nghị định 74/2024/NĐ-CP**)

- **Nghĩa vụ công bố thông tin**:  
  - Doanh nghiệp phải **công bố công khai kết quả đối thoại trong vòng 05 ngày làm việc** sau khi kết thúc.  
  (Căn cứ **Khoản 3 Điều 7**)

Việc thảo luận về **thang lương, bảng lương mới** theo Nghị định 74/2024/NĐ-CP là một nội dung hợp lệ trong đối thoại định kỳ, và kết quả thảo luận này **phải được ghi nhận và công bố** để đảm bảo minh bạch, đúng quy định pháp luật.",
"Một người lao động bị tạm đình chỉ công việc để xác minh hành vi trộm cắp tài sản. Thời hạn tạm đình chỉ tối đa, mức tạm ứng lương và trách nhiệm đóng BHXH của doanh nghiệp trong thời gian này được quy định như thế nào?",[],"Theo quy định của pháp luật lao động Việt Nam, cụ thể là **Bộ luật Lao động năm 2019** và các văn bản hướng dẫn thi hành, việc tạm đình chỉ công việc đối với người lao động để xác minh hành vi vi phạm (như trộm cắp tài sản) được quy định như sau:

---

### 1. **Thời hạn tạm đình chỉ công việc tối đa**

Theo **Điều 129 Bộ luật Lao động năm 2019**, việc tạm đình chỉ công việc được áp dụng trong trường hợp người lao động bị tạm giữ, tạm giam hoặc **khi cần thiết để xác minh những vi phạm nghiêm trọng** của người lao động có thể dẫn đến kỷ luật sa thải.

> **Khoản 1 Điều 129** quy định:  
> *""Người sử dụng lao động có thể tạm đình chỉ công việc của người lao động trong thời hạn không quá 15 ngày, trường hợp đặc biệt thì không quá 90 ngày.""*

→ Như vậy, **thời hạn tạm đình chỉ tối đa là 90 ngày**, kể cả trong trường hợp cần xác minh hành vi trộm cắp tài sản (nếu thuộc trường hợp đặc biệt).

---

### 2. **Mức tạm ứng lương trong thời gian tạm đình chỉ**

> **Khoản 2 Điều 129 Bộ luật Lao động 2019** quy định:  
> *""Trong thời gian bị tạm đình chỉ công việc, người lao động được tạm ứng khoản tiền bằng 50% tiền lương theo hợp đồng lao động của tháng trước liền kề.""*

→ Người lao động được tạm ứng **50% mức lương** ghi trong hợp đồng lao động của tháng trước khi bị tạm đình chỉ.

> **Lưu ý**: Nếu người lao động **không bị xử lý kỷ luật** sau khi kết thúc thời gian tạm đình chỉ, thì người sử dụng lao động phải **trả đủ tiền lương** cho thời gian bị tạm đình chỉ.  
> Nếu người lao động **bị xử lý kỷ luật**, thì **không được trả lương** cho thời gian tạm đình chỉ (chỉ được giữ lại khoản tạm ứng 50%).

---

### 3. **Trách nhiệm đóng BHXH của doanh nghiệp**

Theo quy định tại **Khoản 1 Điều 39 Luật Bảo hiểm xã hội năm 2014**, người sử dụng lao động có trách nhiệm đóng BHXH khi người lao động **làm việc và nhận tiền lương**.

Tuy nhiên, trong thời gian tạm đình chỉ công việc, người lao động **không làm việc**, chỉ được tạm ứng 50% lương, nên:

> **Bộ Lao động - Thương binh và Xã hội** và **Bảo hiểm xã hội Việt Nam** hướng dẫn rằng:  
> Trong thời gian tạm đình chỉ công việc, **không phải là thời gian đóng BHXH bắt buộc**, do người lao động không thực hiện công việc và không được trả đủ lương.

→ Do đó, **doanh nghiệp không phải đóng BHXH** cho người lao động trong thời gian tạm đình chỉ công việc.

> **Lưu ý**: Nếu sau đó người lao động **không bị xử lý kỷ luật**, doanh nghiệp phải trả đủ lương → lúc này, doanh nghiệp **phải truy đóng BHXH** cho thời gian đó.

---

### Tóm tắt:

| Nội dung | Quy định |
|--------|--------|
| **Thời hạn tạm đình chỉ tối đa** | 90 ngày (trường hợp đặc biệt) – **Điều 129 BLLĐ 2019** |
| **Mức tạm ứng lương** | 50% lương tháng trước liền kề – **Khoản 2 Điều 129 BLLĐ 2019** |
| **Đóng BHXH** | Không đóng trong thời gian tạm đình chỉ, **trừ khi sau đó phải trả đủ lương** (vì không kỷ luật) thì truy đóng – **Luật BHXH 2014 & hướng dẫn liên quan** |

---

Nếu cần, doanh nghiệp nên lập **quyết định tạm đình chỉ công việc** có lý do rõ ràng, thời hạn cụ thể và thông báo cho người lao động bằng văn bản.",
Người lao động làm việc theo ca liên tục 8 giờ ban đêm (từ 22h đến 06h sáng). Thời gian nghỉ giữa giờ được tính vào giờ làm việc là bao nhiêu phút và doanh nghiệp có phải trả thêm tiền lương làm việc vào ban đêm không?,[],"Theo quy định của pháp luật lao động Việt Nam, cụ thể là **Bộ luật Lao động năm 2019**, trả lời cho câu hỏi của bạn như sau:

---

### 1. **Thời gian nghỉ giữa giờ được tính vào giờ làm việc**

Theo **Điều 108 Bộ luật Lao động 2019**, người lao động làm việc theo ca có quyền được nghỉ giữa giờ:

> **Điều 108. Thời giờ nghỉ ngơi**
>
> 1. Người lao động làm việc theo ca hoặc theo ngày có quyền được nghỉ ít nhất 30 phút liên tục sau 8 giờ làm việc.
>
> 2. Thời gian nghỉ quy định tại khoản 1 Điều này được tính vào thời giờ làm việc.

👉 Như vậy, **người lao động làm ca 8 giờ liên tục (kể cả ca đêm) được nghỉ ít nhất 30 phút**, và **thời gian nghỉ này được tính vào giờ làm việc**.

---

### 2. **Doanh nghiệp có phải trả thêm tiền lương làm việc vào ban đêm không?**

Theo **Điều 98 Bộ luật Lao động 2019** và **Nghị định 145/2020/NĐ-CP** hướng dẫn thi hành:

> **Điều 98. Tiền lương làm thêm giờ, làm việc vào ban đêm**
>
> 1. Người lao động làm việc vào ban đêm (từ 22 giờ đến 06 giờ sáng hôm sau) thì được trả thêm ít nhất bằng **30%** tiền lương tính theo đơn giá tiền lương hoặc tiền lương thực trả theo công việc đang làm.

👉 Như vậy, **doanh nghiệp bắt buộc phải trả thêm ít nhất 30% tiền lương** cho thời gian làm việc vào ban đêm (từ 22h đến 06h).

---

### ✅ Tóm lại:
- **Thời gian nghỉ giữa giờ**: **30 phút**, được **tính vào giờ làm việc**.
- **Tiền lương ban đêm**: Doanh nghiệp **phải trả thêm ít nhất 30%** so với lương ngày bình thường cho toàn bộ thời gian làm việc trong khung giờ từ 22h đến 06h.

---

Nếu doanh nghiệp không thực hiện đúng, người lao động có quyền khiếu nại hoặc yêu cầu thanh tra lao động can thiệp theo quy định tại **Điều 137 Bộ luật Lao động 2019**.",
"Người lao động chết do tai nạn lao động. Thân nhân của họ được hưởng những chế độ gì từ quỹ BHXH (mai táng, tuất) và mức hưởng được xác định dựa trên căn cứ nào?",[],"Khi người lao động chết do **tai nạn lao động**, thân nhân của họ được hưởng các chế độ **mai táng phí** và **trợ cấp tuất** từ **quỹ bảo hiểm xã hội (BHXH)** theo quy định của pháp luật. Cụ thể như sau:

---

### 1. **Chế độ mai táng phí**

Theo **Điều 68 Luật Bảo hiểm xã hội năm 2014**:

> **Điều 68. Trợ cấp mai táng phí**  
> Người lao động đang đóng bảo hiểm xã hội hoặc đang bảo lưu thời gian đóng bảo hiểm xã hội mà chết thì thân nhân được hưởng trợ cấp mai táng phí bằng **10 tháng lương cơ sở** tại thời điểm người lao động chết.

- **Đối tượng hưởng**: Thân nhân người lao động (người lo mai táng).
- **Mức hưởng**: **10 tháng lương cơ sở** tại thời điểm người lao động chết.
  - Ví dụ: Nếu thời điểm 2024, lương cơ sở là 1,8 triệu đồng/tháng → Mai táng phí = 10 × 1,8 triệu = **18 triệu đồng**.

> ⚠️ Lưu ý: Nếu người lao động chết do tai nạn lao động, mức mai táng phí **vẫn được tính theo quy định trên**, không có mức riêng cao hơn.

---

### 2. **Chế độ trợ cấp tuất hằng tháng hoặc một lần**

Theo **Điều 69 và Điều 70 Luật Bảo hiểm xã hội 2014**:

Người lao động đang đóng BHXH hoặc đang bảo lưu thời gian đóng mà chết thì **thân nhân thuộc diện được hưởng trợ cấp tuất** nếu đáp ứng điều kiện về độ tuổi, hoàn cảnh gia đình, và không có thu nhập hoặc thu nhập thấp.

#### a) **Trợ cấp tuất hằng tháng** – Điều 69

Người lao động chết do tai nạn lao động được **ưu tiên xét hưởng trợ cấp tuất hằng tháng** nếu có thân nhân thuộc một trong các trường hợp sau:

- Con dưới 18 tuổi; con từ 18 tuổi trở lên nếu bị suy giảm khả năng lao động từ 81% trở lên.
- Vợ hoặc chồng từ đủ 55 tuổi (nữ) hoặc 60 tuổi (nam) trở lên; hoặc dưới tuổi này nhưng bị suy giảm khả năng lao động từ 81% trở lên.
- Cha, mẹ đẻ; cha, mẹ vợ hoặc cha, mẹ chồng (nếu sống cùng) từ đủ 60 tuổi (nam) hoặc 55 tuổi (nữ) trở lên, hoặc dưới tuổi nhưng suy giảm từ 81% trở lên.

> **Mức trợ cấp tuất hằng tháng**:
> - **50% mức lương cơ sở** cho mỗi thân nhân.
> - Nếu không có người trực tiếp nuôi dưỡng, mức trợ cấp là **70% mức lương cơ sở**.

#### b) **Trợ cấp tuất một lần** – Điều 70

Nếu **không có thân nhân đủ điều kiện hưởng tuất hằng tháng**, hoặc có nhưng **không làm thủ tục hưởng**, thì thân nhân được hưởng **trợ cấp tuất một lần**.

> **Mức trợ cấp tuất một lần** được tính theo thời gian đóng BHXH:
> - Dưới 1 năm: 0,5 tháng mức bình quân tiền lương tháng đóng BHXH.
> - Từ 1 năm đến dưới 15 năm: 1,5 tháng mức bình quân tiền lương tháng đóng BHXH.
> - Từ 15 năm trở lên: cứ thêm 1 năm đóng, thêm 0,5 tháng lương, tối đa không quá 2,5 tháng.

> ⚠️ Đặc biệt: **Nếu người lao động chết do tai nạn lao động**, mức trợ cấp tuất một lần **tăng thêm 0,5 tháng mức bình quân tiền lương** so với quy định chung (theo hướng dẫn tại **Khoản 3 Điều 1 Thông tư 59/2015/TT-BLĐTBXH**).

---

### 3. **Căn cứ xác định mức hưởng**

- **Lương cơ sở**: Do Nhà nước quy định, thay đổi theo từng thời kỳ (hiện nay là 1,8 triệu đồng/tháng từ 01/7/2023).
- **Mức bình quân tiền lương tháng đóng BHXH**: Tính theo quy định tại **Điều 62 Luật BHXH 2014**.
- **Thời gian đóng BHXH**: Được xác định từ khi tham gia đến thời điểm chết.
- **Nguyên nhân chết do tai nạn lao động**: Phải được **xác nhận bởi Hội đồng giám định y khoa** hoặc **cơ quan có thẩm quyền về an toàn lao động**.

---

### ✅ Tóm lại, thân nhân được hưởng:

| Chế độ | Mức hưởng | Căn cứ pháp lý |
|--------|----------|----------------|
| **Mai táng phí** | 10 tháng lương cơ sở | Điều 68 Luật BHXH 2014 |
| **Trợ cấp tuất hằng tháng** | 50% hoặc 70% lương cơ sở/tháng/người | Điều 69 Luật BHXH 2014 |
| **Trợ cấp tuất một lần** | Tùy thời gian đóng BHXH, **tăng thêm 0,5 tháng** nếu chết do TNLĐ | Điều 70 + Thông tư 59/2015/TT-BLĐTBXH |

---

Nếu cần hỗ trợ làm hồ sơ, thân nhân cần liên hệ **cơ quan BHXH nơi người lao động tham gia** để được hướng dẫn thủ tục.",
Người lao động vi phạm thỏa thuận bảo vệ bí mật kinh doanh sau khi đã chấm dứt hợp đồng lao động. Quy trình xử lý bồi thường thiệt hại được thực hiện theo luật nào và doanh nghiệp có được khấu trừ vào tiền lương cuối cùng không?,[],"Khi người lao động vi phạm thỏa thuận bảo vệ bí mật kinh doanh sau khi đã chấm dứt hợp đồng lao động, việc xử lý bồi thường thiệt hại được thực hiện theo các quy định của **Bộ luật Lao động 2019** và **Bộ luật Dân sự 2015**, cụ thể như sau:

---

### 1. **Cơ sở pháp lý xử lý vi phạm thỏa thuận bảo vệ bí mật kinh doanh**

Theo **Điều 20 Bộ luật Lao động 2019**, người lao động có nghĩa vụ:

> ""Bảo vệ tài sản, bí mật công nghệ, kinh doanh của người sử dụng lao động theo thỏa thuận trong hợp đồng lao động hoặc theo quy định của pháp luật.""

Ngoài ra, **Điều 21 Bộ luật Lao động 2019** cũng quy định người lao động có trách nhiệm **bồi thường thiệt hại** nếu gây thiệt hại cho người sử dụng lao động do vi phạm nghĩa vụ lao động, bao gồm cả vi phạm nghĩa vụ bảo mật.

Tuy nhiên, nếu hành vi vi phạm xảy ra **sau khi chấm dứt hợp đồng lao động**, thì việc xử lý bồi thường chủ yếu căn cứ vào:

- **Thỏa thuận trong hợp đồng lao động hoặc phụ lục hợp đồng** về nghĩa vụ bảo mật sau chấm dứt hợp đồng;
- **Điều 584 Bộ luật Dân sự 2015** về trách nhiệm bồi thường thiệt hại ngoài hợp đồng.

> **Điều 584 Bộ luật Dân sự 2015** quy định:
> ""Người nào do lỗi làm thiệt hại đến tài sản, quyền, lợi ích hợp pháp của người khác thì phải bồi thường.""

Do đó, nếu người lao động tiết lộ bí mật kinh doanh sau khi nghỉ việc, doanh nghiệp có quyền **khởi kiện dân sự** để yêu cầu bồi thường thiệt hại, dựa trên căn cứ vi phạm nghĩa vụ đã cam kết.

---

### 2. **Doanh nghiệp có được khấu trừ vào tiền lương cuối cùng không?**

Theo **Điều 47 Bộ luật Lao động 2019**, khi chấm dứt hợp đồng lao động, người sử dụng lao động có nghĩa vụ:

> ""Thanh toán đầy đủ các khoản tiền có liên quan đến quyền lợi của người lao động trong thời hạn 14 ngày kể từ ngày chấm dứt hợp đồng.""

Việc **khấu trừ tiền bồi thường** vào các khoản thanh toán cuối cùng (như lương, trợ cấp, bảo hiểm...) **chỉ được thực hiện nếu có sự đồng ý của người lao động hoặc theo quyết định của cơ quan có thẩm quyền** (Tòa án, Trung tâm hòa giải...).

> **Điều 102 Bộ luật Lao động 2019** quy định:
> ""Việc khấu trừ vào tiền lương của người lao động để bù đắp thiệt hại chỉ được thực hiện trong trường hợp người lao động gây thiệt hại do **lỗi của mình** và **phải được sự đồng ý của người lao động**, trừ trường hợp pháp luật có quy định khác.""

Do người lao động đã **chấm dứt hợp đồng**, không còn quan hệ lao động, nên **doanh nghiệp không được tự ý khấu trừ tiền bồi thường vào các khoản thanh toán cuối cùng** nếu không có thỏa thuận hoặc quyết định xử lý vi phạm.

---

### ✅ Kết luận:

1. **Quy trình xử lý bồi thường**:
   - Căn cứ vào **thỏa thuận bảo mật** trong hợp đồng lao động.
   - Áp dụng **Bộ luật Dân sự 2015** (Điều 584) để yêu cầu bồi thường thiệt hại.
   - Doanh nghiệp có thể **khởi kiện ra Tòa án** nếu không thỏa thuận được.

2. **Khấu trừ vào tiền lương cuối cùng**:
   - **Không được phép tự ý khấu trừ** nếu người lao động đã nghỉ việc, trừ khi có **đồng ý bằng văn bản** của người lao động hoặc **quyết định của Tòa án**.

---

### ✅ Khuyến nghị:
Doanh nghiệp nên:
- Có điều khoản bảo mật rõ ràng trong hợp đồng lao động.
- Quy định mức bồi thường cụ thể nếu vi phạm.
- Bảo vệ bằng chứng vi phạm (email, tài liệu, xác nhận của bên thứ ba...).
- Khởi kiện dân sự để yêu cầu bồi thường nếu cần.

Nếu cần, có thể yêu cầu Tòa án áp dụng **biện pháp khẩn cấp tạm thời** để ngăn chặn việc tiết lộ thêm thông tin.",
Người tham gia BHXH tự nguyện muốn hưởng lương hưu nhưng còn thiếu 05 tháng đóng. Họ có được đóng một lần cho những tháng còn thiếu không? Thời điểm hưởng lương hưu được tính từ khi nào?,[],"Theo quy định tại **Điều 73 Luật Bảo hiểm xã hội năm 2014** và **Khoản 2 Điều 9 Nghị định số 136/2015/NĐ-CP** ngày 31/12/2015, người tham gia bảo hiểm xã hội tự nguyện đã đủ điều kiện về tuổi nghỉ hưu nhưng **thiếu không quá 6 tháng** bảo hiểm xã hội thì **được đóng một lần cho những tháng còn thiếu** để hưởng lương hưu.

Trong trường hợp của bạn: người tham gia **còn thiếu 05 tháng** đóng BHXH tự nguyện để đủ điều kiện hưởng lương hưu → **được phép đóng một lần cho 05 tháng còn thiếu**.

---

### Thời điểm hưởng lương hưu được tính từ khi nào?

Theo **Khoản 2 Điều 9 Nghị định 136/2015/NĐ-CP**, thời điểm hưởng lương hưu được **tính từ tháng liền kề sau tháng đóng một lần cho thời gian còn thiếu**.

**Ví dụ minh họa:**
- Ông A sinh năm 1964, đủ tuổi nghỉ hưu vào tháng 01/2024.
- Đến tháng 01/2024, ông A mới đóng được 175 tháng BHXH (cần 180 tháng để đủ điều kiện).
- Ông A còn thiếu 05 tháng → được đóng một lần cho 05 tháng còn thiếu vào tháng 01/2024.
- → **Thời điểm hưởng lương hưu của ông A là từ tháng 02/2024** (tháng liền kề sau tháng đóng đủ).

---

### Kết luận:
1. **Có được đóng một lần cho 05 tháng còn thiếu** để hưởng lương hưu (theo Điều 73 Luật BHXH 2014 và Khoản 2 Điều 9 Nghị định 136/2015).
2. **Thời điểm hưởng lương hưu** được tính từ **tháng liền kề sau tháng đóng đủ số tháng còn thiếu**.",
"Chị A làm công việc giao hàng thường xuyên di chuyển qua 5 kho bãi khác nhau của công ty tại nhiều quận. Trong hợp đồng lao động, mục ""Địa điểm làm việc"" phải ghi như thế nào cho đúng?",[],"Theo quy định của Bộ luật Lao động năm 2019, **Điều 21** quy định về nội dung bắt buộc phải có trong hợp đồng lao động, trong đó có **""địa điểm làm việc""**.

Cụ thể, **Khoản 1 Điều 21 Bộ luật Lao động 2019** quy định:

> ""Hợp đồng lao động phải có các nội dung chủ yếu sau đây:  
> ...  
> c) Địa điểm làm việc;  
> ...""

Trong trường hợp của chị A, vì công việc giao hàng yêu cầu di chuyển thường xuyên qua **5 kho bãi khác nhau tại nhiều quận**, thì việc ghi địa điểm làm việc cần phải **phản ánh đúng tính chất công việc thực tế**, đồng thời **đảm bảo quyền lợi người lao động** và **tuân thủ pháp luật**.

### Hướng dẫn ghi địa điểm làm việc:

Theo **Khoản 2 Điều 29 Bộ luật Lao động 2019**, người sử dụng lao động **chỉ được chuyển người lao động làm việc tại nơi khác** nếu thuộc một trong các trường hợp được quy định, và phải **thỏa thuận bằng văn bản** nếu thay đổi địa điểm làm việc vượt quá phạm vi đã ghi trong hợp đồng.

Do đó, để tránh vi phạm khi điều động chị A đến các kho khác, **địa điểm làm việc trong hợp đồng cần được ghi rõ ràng, cụ thể hoặc bao quát đủ các địa điểm thực tế** mà chị A phải làm việc.

### Cách ghi đúng:

**Phương án hợp lý nhất là:**

> ""Địa điểm làm việc: Các kho bãi của Công ty tại các quận: [Liệt kê cụ thể tên quận hoặc địa chỉ các kho: Quận 1, Quận 2, Quận 7, Quận 9, Quận Thủ Đức (TP. Thủ Đức)] và các địa điểm khác theo phân công thực tế của công ty trong phạm vi TP. Hồ Chí Minh.""

Hoặc nếu công ty có nhiều chi nhánh, kho bãi không cố định:

> ""Địa điểm làm việc: Các địa điểm thuộc hệ thống kho bãi và văn phòng của Công ty trên địa bàn TP. Hồ Chí Minh, theo phân công cụ thể của người sử dụng lao động.""

Tuy nhiên, **nếu địa điểm làm việc thay đổi vượt quá phạm vi đã ghi trong hợp đồng**, thì công ty **phải thỏa thuận bằng văn bản** với người lao động trước khi điều chuyển (theo **Điều 29 Bộ luật Lao động 2019**).

---

### Kết luận:

✅ **Phải ghi rõ các địa điểm làm việc thực tế** mà chị A thường xuyên làm việc trong hợp đồng lao động.  
✅ Có thể liệt kê cụ thể từng kho hoặc ghi theo phạm vi hành chính (ví dụ: các quận tại TP.HCM).  
✅ Không được ghi chung chung như ""theo phân công"" nếu không có thỏa thuận rõ ràng, vì có thể bị coi là vi phạm Điều 21 và Điều 29 Bộ luật Lao động.

👉 **Tham khảo: Điều 21 và Điều 29 Bộ luật Lao động năm 2019.**",
"Một công ty phần mềm thỏa thuận với nhân viên về việc không được tiết lộ thuật toán cho đối thủ. Sau khi nghỉ việc 1 năm, nhân viên này vi phạm. Công ty muốn xử lý bồi thường thì áp dụng luật nào?",[],"Trường hợp này, công ty có thể căn cứ vào **Bộ luật Dân sự 2015** và **Luật Sở hữu trí tuệ 2005 (sửa đổi, bổ sung 2009, 2022)** để yêu cầu nhân viên bồi thường thiệt hại do vi phạm thỏa thuận bảo mật và xâm phạm bí mật kinh doanh.

Cụ thể, các quy định pháp luật áp dụng như sau:

### 1. **Bí mật kinh doanh là tài sản trí tuệ được pháp luật bảo vệ**
Theo **Điều 28 Luật Sở hữu trí tuệ 2005 (sửa đổi 2022)**, bí mật kinh doanh là thông tin thu được từ hoạt động đầu tư tài chính, thời gian, công sức, trí tuệ, chưa được bộc lộ và có khả năng áp dụng trong kinh doanh, sản xuất, dịch vụ.

> **Thuật toán phần mềm** có thể được coi là **bí mật kinh doanh** nếu đáp ứng các điều kiện:
> - Không bị bộc lộ công khai;
> - Có giá trị kinh tế do tính bí mật;
> - Chủ sở hữu đã áp dụng các biện pháp hợp lý để bảo vệ tính bí mật (ví dụ: ký thỏa thuận bảo mật).

### 2. **Nghĩa vụ bảo mật của người lao động**
Theo **Điều 27 Bộ luật Lao động 2019**, người lao động có nghĩa vụ:
> “Bảo vệ tài sản, bí mật công nghệ, bí mật kinh doanh, sở hữu trí tuệ của người sử dụng lao động theo quy định của pháp luật và hợp đồng lao động.”

Ngoài ra, nếu hai bên đã ký **thỏa thuận bảo mật (NDA)** hoặc có điều khoản bảo mật trong hợp đồng lao động, thì việc nhân viên tiết lộ thuật toán cho đối thủ sau khi nghỉ việc là **vi phạm nghĩa vụ dân sự**.

### 3. **Trách nhiệm bồi thường thiệt hại**
Theo **Điều 584 Bộ luật Dân sự 2015**:
> “Người nào do lỗi cố ý hoặc lỗi vô ý xâm phạm quyền, lợi ích hợp pháp của người khác mà gây thiệt hại thì phải bồi thường.”

Việc nhân viên tiết lộ bí mật kinh doanh (thuật toán) cho đối thủ sau khi nghỉ việc là hành vi **xâm phạm quyền sở hữu bí mật kinh doanh**, gây thiệt hại cho công ty → phải **bồi thường thiệt hại**.

### 4. **Cơ sở xử lý**
Công ty có thể:
- Yêu cầu **bồi thường thiệt hại** theo **Điều 590 Bộ luật Dân sự** (bồi thường thiệt hại ngoài hợp đồng).
- Yêu cầu **cấm hành vi xâm phạm**, **thu hồi lợi nhuận bất hợp pháp** theo **Điều 203 Luật Sở hữu trí tuệ**.
- Nếu có căn cứ, có thể khởi kiện ra **Tòa án nhân dân có thẩm quyền**.

---

### ✅ Kết luận:
Công ty có thể **áp dụng đồng thời**:
- **Bộ luật Dân sự 2015** (Điều 584, 590) về bồi thường thiệt hại;
- **Luật Sở hữu trí tuệ 2005** (Điều 28, 203) về bảo vệ bí mật kinh doanh;
- **Bộ luật Lao động 2019** (Điều 27) về nghĩa vụ bảo mật của người lao động.

**Lưu ý**: Công ty cần chứng minh:
- Thuật toán là bí mật kinh doanh hợp pháp;
- Có thỏa thuận bảo mật (NDA hoặc điều khoản trong hợp đồng);
- Nhân viên đã tiết lộ thông tin;
- Có thiệt hại thực tế hoặc lợi nhuận bất hợp pháp từ hành vi tiết lộ.

Nếu đủ căn cứ, công ty hoàn toàn có thể khởi kiện để yêu cầu bồi thường.",
"Công ty X muốn tuyển lao động nữ vào vị trí thợ lặn chuyên nghiệp. Theo danh mục nghề nghiệp, công ty có được phép bố trí lao động nữ vào vị trí này không?",[],"Theo quy định của pháp luật lao động Việt Nam, việc bố trí lao động nữ vào các công việc cụ thể phải tuân thủ **Danh mục các công việc cấm sử dụng lao động nữ** được ban hành kèm theo **Nghị định số 85/2015/NĐ-CP** ngày 01/10/2015 của Chính phủ và được sửa đổi, bổ sung bởi **Nghị định số 145/2020/NĐ-CP** ngày 14/12/2020.

Cụ thể, tại **Khoản 1 Điều 145 Bộ luật Lao động năm 2019** quy định:

> ""Không được sử dụng lao động nữ làm các công việc nặng nhọc, nguy hiểm, độc hại hoặc tiếp xúc với các yếu tố, điều kiện lao động có hại đến khả năng sinh sản, nuôi con của phụ nữ theo danh mục do Bộ trưởng Bộ Lao động - Thương binh và Xã hội ban hành.""

Theo **Danh mục các công việc cấm sử dụng lao động nữ** (ban hành kèm theo Nghị định 145/2020/NĐ-CP), **công việc thợ lặn chuyên nghiệp** thuộc nhóm nghề nghiệp **cấm sử dụng lao động nữ** do đặc thù nguy hiểm, áp lực cao, môi trường làm việc khắc nghiệt dưới nước sâu, có nguy cơ ảnh hưởng đến sức khỏe sinh sản và tính mạng.

Do đó, **công ty X không được phép bố trí lao động nữ vào vị trí thợ lặn chuyên nghiệp**, vì đây là công việc nằm trong danh mục cấm sử dụng lao động nữ theo quy định pháp luật.

**Tóm lại:**  
👉 **Không được phép**.  
👉 Căn cứ: **Điều 145 Bộ luật Lao động 2019** và **Danh mục công việc cấm sử dụng lao động nữ** theo **Nghị định 145/2020/NĐ-CP**.",
Doanh nghiệp tuyển một bạn trẻ 16 tuổi vào làm nhân viên phục vụ. Việc giao kết hợp đồng lao động cần có sự đồng ý của ai để hợp pháp?,[],"Theo quy định của Bộ luật Lao động năm 2019, người từ đủ 15 tuổi đến dưới 18 tuổi được coi là người lao động chưa thành niên. Khi tuyển dụng người lao động chưa thành niên, việc giao kết hợp đồng lao động phải tuân thủ các quy định đặc biệt về bảo vệ người lao động chưa thành niên.

Cụ thể, tại **Điều 145 Bộ luật Lao động năm 2019**, quy định:

> ""1. Người sử dụng lao động chỉ được sử dụng người từ đủ 15 tuổi đến dưới 18 tuổi vào làm các công việc nhẹ theo danh mục do Chính phủ quy định.
>
> 2. Khi sử dụng người từ đủ 15 tuổi đến dưới 18 tuổi, người sử dụng lao động phải lập hồ sơ riêng, phải có **sự đồng ý bằng văn bản của người đại diện theo pháp luật của người dưới 18 tuổi** và phải bảo đảm các điều kiện lao động, an toàn, vệ sinh lao động phù hợp với đặc điểm thể chất của người lao động chưa thành niên.""

Do đó, trong trường hợp doanh nghiệp tuyển bạn trẻ **16 tuổi** làm nhân viên phục vụ, việc giao kết hợp đồng lao động **phải có sự đồng ý bằng văn bản của người đại diện theo pháp luật của người đó**, thường là **cha, mẹ hoặc người giám hộ hợp pháp**.

👉 **Kết luận**: Việc giao kết hợp đồng lao động với người 16 tuổi **cần có sự đồng ý bằng văn bản của cha, mẹ hoặc người đại diện theo pháp luật** thì mới hợp pháp, theo quy định tại **Điều 145, Bộ luật Lao động 2019**.",
Công ty tuyển dụng kế toán viên (trình độ cao đẳng). Thời gian thử việc tối đa mà công ty được phép thỏa thuận là bao nhiêu ngày?,[],"Theo quy định tại **Điều 27, Bộ luật Lao động năm 2019**, thời gian thử việc tối đa được thỏa thuận như sau:

> **Điều 27. Thời gian thử việc**  
> 1. Thời gian thử việc căn cứ vào tính chất, mức độ phức tạp của công việc và trình độ chuyên môn, kỹ thuật, nghiệp vụ của người lao động nhưng phải bảo đảm các điều kiện sau đây:  
> a) Không quá 60 ngày đối với công việc có yêu cầu trình độ chuyên môn, kỹ thuật từ cao đẳng trở lên;  
> b) Không quá 30 ngày đối với công việc có yêu cầu trình độ chuyên môn, kỹ thuật trung cấp nghề, trung cấp chuyên nghiệp;  
> c) Không quá 06 ngày làm việc đối với công việc khác.

Trong trường hợp của bạn, **kế toán viên có trình độ cao đẳng** → thuộc trường hợp **yêu cầu trình độ từ cao đẳng trở lên**.

👉 Do đó, **thời gian thử việc tối đa được phép thỏa thuận là 60 ngày**.

**Căn cứ pháp lý:** **Khoản 1, Điều 27 Bộ luật Lao động 2019**.",
Lao động nữ đang nuôi con 10 tháng tuổi. Công ty có được quyền yêu cầu chị làm thêm giờ nếu chị không đồng ý không?,[],"Theo quy định của pháp luật lao động Việt Nam, **công ty không được quyền yêu cầu lao động nữ đang nuôi con dưới 12 tháng tuổi làm thêm giờ nếu người đó không đồng ý**.

Cụ thể, **Điều 173 Bộ luật Lao động năm 2019** quy định về làm thêm giờ như sau:

> **Điều 173. Làm thêm giờ**
> 
> 1. Làm thêm giờ là thời gian làm việc ngoài thời gian làm việc bình thường theo quy định của pháp luật, thỏa ước lao động tập thể hoặc nội quy lao động.
> 
> 2. Người sử dụng lao động chỉ được sử dụng người lao động làm thêm giờ khi **được sự đồng ý của người lao động**.
> 
> 3. Không được sử dụng người lao động làm thêm giờ nếu thuộc một trong các trường hợp sau đây:
> 
> ...
> 
> **c) Lao động nữ đang nuôi con dưới 12 tháng tuổi**, trừ trường hợp được người lao động đồng ý.

Như vậy, mặc dù điểm c khoản 3 Điều 173 có ngoại lệ ""trừ trường hợp được người lao động đồng ý"", nhưng **nếu lao động nữ không đồng ý**, thì **công ty không được phép yêu cầu hoặc buộc chị phải làm thêm giờ**.

👉 **Kết luận**: **Không, công ty không được quyền yêu cầu lao động nữ đang nuôi con 10 tháng tuổi làm thêm giờ nếu chị ấy không đồng ý.**",
Nhân viên phát hiện máy móc bị rò rỉ điện nghiêm trọng đe dọa tính mạng. Nhân viên có quyền từ chối làm việc tại vị trí đó không?,[],"Theo quy định của pháp luật lao động Việt Nam, **người lao động có quyền từ chối làm việc** khi phát hiện **nguy cơ xảy ra tai nạn lao động đe dọa nghiêm trọng đến tính mạng hoặc sức khỏe của mình**.

Cụ thể, **Điều 119 Bộ luật Lao động năm 2019** quy định:

> **""Điều 119. Quyền từ chối làm việc hoặc rời bỏ nơi làm việc**  
> 1. Người lao động có quyền từ chối làm việc hoặc rời bỏ nơi làm việc khi thấy rõ nguy cơ xảy ra tai nạn lao động đe dọa trực tiếp đến tính mạng hoặc sức khỏe của mình và phải báo ngay cho người quản lý trực tiếp biết.  
> 2. Người sử dụng lao động không được buộc người lao động tiếp tục làm việc hoặc trở lại làm việc tại nơi làm việc nếu nguy cơ chưa được khắc phục.""

Trong trường hợp của bạn:  
- Nhân viên phát hiện **máy móc bị rò rỉ điện nghiêm trọng**, điều này **đe dọa trực tiếp đến tính mạng và sức khỏe**.  
- Do đó, **nhân viên hoàn toàn có quyền từ chối làm việc tại vị trí đó**.  
- Tuy nhiên, nhân viên **phải báo ngay cho người quản lý trực tiếp** biết về sự cố để có biện pháp xử lý kịp thời.  
- Trong thời gian nguy cơ chưa được khắc phục, **người sử dụng lao động không được ép buộc nhân viên làm việc trở lại**.

👉 **Kết luận**: **Có, nhân viên có quyền từ chối làm việc** tại vị trí có máy móc rò rỉ điện nghiêm trọng, theo **Điều 119 Bộ luật Lao động 2019**.",
"Công ty sử dụng 15 lao động nhưng chỉ dặn dò nội quy bằng miệng, không ban hành văn bản. Mức phạt tiền đối với tổ chức vi phạm này là bao nhiêu?",[],"Theo quy định tại **Điểm a, Khoản 1, Điều 22 Nghị định 28/2020/NĐ-CP** (sửa đổi, bổ sung bởi **Khoản 10, Điều 1 Nghị định 123/2021/NĐ-CP**), hành vi **sử dụng lao động nhưng không ban hành nội quy lao động bằng văn bản** khi sử dụng từ 10 người lao động trở lên sẽ bị xử phạt vi phạm hành chính.

Cụ thể:

> **Điều 22. Vi phạm quy định về nội quy lao động**
>
> **1. Phạt tiền từ 5.000.000 đồng đến 10.000.000 đồng** đối với người sử dụng lao động có từ 10 người lao động trở lên mà **không ban hành nội quy lao động bằng văn bản** hoặc ban hành nội quy lao động không đúng trình tự, thủ tục theo quy định.

Vì công ty bạn đang sử dụng **15 lao động** (tức từ 10 người trở lên) và **chỉ dặn dò nội quy bằng miệng, không ban hành văn bản**, nên hành vi này **bị xử phạt tiền từ 5.000.000 đồng đến 10.000.000 đồng**.

👉 **Mức phạt cụ thể** sẽ do thanh tra lao động quyết định dựa trên tình tiết vi phạm, mức độ nghiêm trọng, thái độ khắc phục, v.v.

**Lưu ý:** Theo **Điều 118 Bộ luật Lao động 2019**, người sử dụng lao động có từ 10 người lao động trở lên **bắt buộc phải xây dựng nội quy lao động bằng văn bản** và đăng ký với cơ quan quản lý nhà nước về lao động cấp tỉnh.",
Doanh nghiệp trả lương cho 5 công nhân thấp hơn mức lương tối thiểu vùng. Biện pháp khắc phục hậu quả mà doanh nghiệp phải thực hiện là gì?,[],"Theo quy định của pháp luật lao động Việt Nam, nếu doanh nghiệp trả lương cho người lao động thấp hơn mức lương tối thiểu vùng, thì doanh nghiệp phải thực hiện các biện pháp khắc phục hậu quả theo quy định tại **Điều 15 Nghị định 28/2022/NĐ-CP** (sửa đổi, bổ sung một số điều của Nghị định 12/2022/NĐ-CP về xử phạt vi phạm hành chính trong lĩnh vực lao động, bảo hiểm xã hội, đưa người lao động Việt Nam đi làm việc ở nước ngoài theo hợp đồng).

Cụ thể:

**Điều 15. Vi phạm quy định về tiền lương**

> 1. Phạt tiền từ 20.000.000 đồng đến 25.000.000 đồng đối với người sử dụng lao động có một trong các hành vi sau đây:
> ...
> **b) Trả lương cho người lao động thấp hơn mức lương tối thiểu vùng do Chính phủ quy định.**

**Biện pháp khắc phục hậu quả** được quy định tại **Khoản 3 Điều 15**:

> **3. Biện pháp khắc phục hậu quả:**
> a) Buộc trả đủ tiền lương theo quy định của pháp luật cho người lao động đối với hành vi quy định tại điểm b khoản 1 Điều này;
> b) Buộc trả thêm cho người lao động số tiền theo chế độ tiền lương làm thêm giờ, làm việc vào ban đêm do trả lương thấp hơn mức lương tối thiểu vùng dẫn đến tính tiền lương làm thêm giờ, làm việc vào ban đêm thấp hơn quy định.

👉 **Tóm lại**, doanh nghiệp phải thực hiện các biện pháp khắc phục hậu quả sau:

1. **Buộc trả đủ tiền lương** cho 5 công nhân theo mức **lương tối thiểu vùng** do Chính phủ quy định (theo Thông tư của Bộ Lao động - Thương binh và Xã hội).
2. Nếu việc trả lương thấp hơn dẫn đến **tiền làm thêm giờ, làm đêm bị tính thiếu**, thì doanh nghiệp phải **bổ sung khoản chênh lệch** này cho người lao động.

Ngoài ra, doanh nghiệp còn bị **phạt tiền từ 20 – 25 triệu đồng** theo Khoản 1 Điều 15 Nghị định 28/2022/NĐ-CP.

**Căn cứ pháp lý chính:**
- **Điều 15 Nghị định 28/2022/NĐ-CP** (có hiệu lực từ 01/7/2022).",
"Một công ty cho thuê lại lao động bị phát hiện sử dụng giấy phép giả để hoạt động. Ngoài phạt tiền, công ty phải nộp lại số tiền nào vào ngân sách?",[],"Theo quy định tại **Điểm a Khoản 3 Điều 14 Nghị định 28/2022/NĐ-CP** (sửa đổi, bổ sung bởi **Khoản 1 Điều 1 Nghị định 108/2023/NĐ-CP**), đối với hành vi sử dụng giấy phép hoạt động cho thuê lại lao động giả để hoạt động, ngoài việc bị phạt tiền, tổ chức còn phải:

> **""Nộp lại số lợi bất hợp pháp có được do thực hiện hành vi vi phạm""** vào ngân sách nhà nước.

Do đó, **công ty phải nộp lại toàn bộ số tiền lợi bất hợp pháp** mà công ty thu được từ hoạt động cho thuê lại lao động trong thời gian sử dụng giấy phép giả.

**Căn cứ pháp lý:**
- **Khoản 3 Điều 14 Nghị định 28/2022/NĐ-CP** (quy định xử phạt vi phạm hành chính trong lĩnh vực lao động).
- **Khoản 1 Điều 1 Nghị định 108/2023/NĐ-CP** (sửa đổi, bổ sung Nghị định 28/2022/NĐ-CP).",
Doanh nghiệp cho thuê lại lao động cử nhân viên đến làm việc tại bên thuê lại. Tiền lương của người lao động này so với nhân viên chính thức của bên thuê lại được quy định như thế nào?,[],"Theo quy định của pháp luật lao động Việt Nam, **việc cho thuê lại lao động** chỉ được thực hiện trong một số trường hợp nhất định và phải tuân thủ nghiêm ngặt các quy định tại **Bộ luật Lao động 2019** và **Luật Việc làm 2013**.

Cụ thể, tại **Điều 54 Luật Việc làm 2013** và **Điều 52 Bộ luật Lao động 2019**, việc cho thuê lại lao động chỉ được phép thực hiện đối với **công việc tạm thời**, có thời hạn **tối đa 12 tháng**, và chỉ được thực hiện thông qua **doanh nghiệp cho thuê lại lao động** được cấp phép.

Về **tiền lương của người lao động cho thuê lại**, pháp luật có quy định rõ ràng như sau:

### 1. **Người lao động cho thuê lại phải được trả lương ít nhất bằng mức lương của người lao động làm cùng công việc, cùng điều kiện lao động tại nơi thuê lại**.

Căn cứ theo **Khoản 3 Điều 52 Bộ luật Lao động 2019**:

> ""Người lao động cho thuê lại được hưởng **điều kiện lao động, tiền lương tương xứng với công việc** do người sử dụng lao động (bên thuê lại) bố trí và **không được thấp hơn mức lương của người lao động làm cùng công việc, cùng điều kiện lao động tại nơi thuê lại**.""

### 2. **Bên thuê lại (người sử dụng lao động thực tế) có trách nhiệm đảm bảo điều kiện lao động, an toàn, vệ sinh lao động như với lao động chính thức**.

### 3. **Hợp đồng lao động vẫn giữa người lao động và doanh nghiệp cho thuê lại**, không phải với bên thuê lại. Tuy nhiên, **bên thuê lại phải trả tiền lương cho doanh nghiệp cho thuê lại**, và doanh nghiệp này có trách nhiệm chi trả cho người lao động.

---

### ✅ Kết luận:
Người lao động được **cho thuê lại** phải được trả lương **ít nhất bằng mức lương** của nhân viên chính thức làm **cùng công việc, cùng điều kiện lao động** tại đơn vị thuê lại. Nếu thấp hơn, sẽ vi phạm quy định tại **Khoản 3 Điều 52 Bộ luật Lao động 2019**.

Việc đảm bảo quyền lợi này nhằm tránh phân biệt đối xử và bảo vệ người lao động trong quan hệ lao động phức tạp.",
"Nhân viên làm việc theo ca liên tục 8 tiếng, trong đó có 4 tiếng làm việc vào ban đêm. Thời gian nghỉ giữa giờ được tính vào giờ làm việc tối thiểu là bao nhiêu phút?",[],"Theo quy định tại **Điều 106 Bộ luật Lao động năm 2019**, thời gian nghỉ giữa giờ được tính vào giờ làm việc và **ít nhất là 30 phút** nếu làm việc theo ca từ **08 giờ trở lên liên tục**.

Trong trường hợp của bạn: nhân viên làm việc theo ca **liên tục 8 tiếng**, trong đó có **4 tiếng làm việc vào ban đêm**, thì vẫn thuộc trường hợp làm việc ca dài từ 8 giờ trở lên.

Do đó, **thời gian nghỉ giữa giờ tối thiểu là 30 phút** và được tính vào giờ làm việc (theo **Khoản 1 Điều 106**).

> **Điều 106. Thời gian nghỉ giữa giờ, nghỉ hằng tuần**
>
> 1. Người lao động làm việc theo ca hoặc làm việc theo ngày có quyền được nghỉ giữa giờ; thời gian nghỉ giữa giờ ít nhất là 30 phút khi làm việc 8 giờ trở lên trong một ngày.

**Lưu ý**: Nếu làm việc vào ban đêm (từ 22 giờ đến 06 giờ sáng hôm sau), người lao động còn được hưởng các chế độ đặc biệt như phụ cấp làm việc ban đêm, thời gian làm việc ban đêm được tính giảm theo quy định tại **Điều 107 Bộ luật Lao động 2019**. Tuy nhiên, điều này không ảnh hưởng đến quy định về thời gian nghỉ giữa giờ.",
"Một nhà máy dệt may có 1.500 lao động nữ. Theo quy định, nhà máy này bắt buộc phải lắp đặt trang thiết bị gì tại nơi làm việc?",[],"Theo quy định của pháp luật lao động Việt Nam, đối với doanh nghiệp có từ 500 lao động nữ trở lên, **bắt buộc phải xây dựng hoặc bố trí phòng vệ sinh, phòng thay đồ, phòng tắm, và đặc biệt là phòng riêng cho lao động nữ trong thời kỳ kinh nguyệt, mang thai, nuôi con dưới 12 tháng tuổi**.

Cụ thể, căn cứ theo **Điều 147 Bộ luật Lao động năm 2019** và **Thông tư 28/2014/TT-BLĐTBXH** hướng dẫn về điều kiện lao động và an toàn vệ sinh lao động, doanh nghiệp có số lượng lao động nữ từ 500 người trở lên phải:

- **Bố trí phòng vệ sinh phù hợp cho nữ**, với số lượng bồn cầu, bồn rửa tay, vòi sen... theo tiêu chuẩn quy định.
- **Thiết lập phòng nghỉ, phòng vắt, trữ sữa mẹ** cho lao động nữ đang nuôi con dưới 12 tháng tuổi.
- **Bố trí nơi nghỉ ngơi, thay đồ, tắm rửa riêng biệt** cho lao động nữ.
- **Có khu vực hoặc phòng riêng để lao động nữ trong thời kỳ kinh nguyệt, mang thai có thể nghỉ ngơi khi cần thiết**.

Do nhà máy dệt may của bạn có **1.500 lao động nữ**, vượt xa ngưỡng 500 người, nên **bắt buộc phải lắp đặt đầy đủ các trang thiết bị và khu vực nêu trên** tại nơi làm việc.

👉 **Căn cứ pháp lý**:
- **Điều 147 Bộ luật Lao động 2019** – Bảo đảm điều kiện làm việc phù hợp đối với lao động nữ.
- **Thông tư 28/2014/TT-BLĐTBXH** (còn hiệu lực một phần liên quan đến điều kiện vệ sinh lao động) và các tiêu chuẩn vệ sinh lao động theo **Quy chuẩn kỹ thuật quốc gia về vệ sinh lao động (QCVN 01:2022/BYT)**.

Việc không thực hiện có thể bị xử phạt vi phạm hành chính theo Nghị định 28/2022/NĐ-CP về xử phạt vi phạm trong lĩnh vực lao động.",
"Doanh nghiệp muốn tuyển một ""Chuyên gia"" nước ngoài. Người này cần đáp ứng điều kiện tối thiểu về bằng cấp và số năm kinh nghiệm là bao nhiêu?",[],"Theo quy định của pháp luật Việt Nam, để doanh nghiệp tuyển dụng một **người lao động nước ngoài** làm việc tại Việt Nam với vị trí **""chuyên gia""**, người đó cần đáp ứng các điều kiện về **bằng cấp** và **kinh nghiệm** theo quy định tại **Điều 152 Bộ luật Lao động năm 2019** và **Nghị định số 152/2020/NĐ-CP** hướng dẫn thi hành.

Cụ thể:

### 1. **Điều kiện về bằng cấp và kinh nghiệm (Điều 152 Bộ luật Lao động 2019):**
Người lao động nước ngoài phải có:

- **Trình độ chuyên môn, kỹ thuật từ đại học trở lên** (hoặc tương đương) phù hợp với vị trí công việc;
- **Tối thiểu 03 năm kinh nghiệm** làm việc trong lĩnh vực chuyên môn đó.

> 🔹 **Trích dẫn:** *Khoản 1 Điều 152 Bộ luật Lao động 2019* quy định:  
> *""Người lao động nước ngoài làm việc tại Việt Nam phải có năng lực hành vi dân sự đầy đủ, đủ sức khỏe theo quy định của pháp luật Việt Nam, có trình độ chuyên môn, kỹ thuật từ đại học trở lên và có ít nhất 03 năm kinh nghiệm phù hợp với vị trí công việc...""*

### 2. **Trường hợp ngoại lệ:**
Một số trường hợp **không bắt buộc phải có 3 năm kinh nghiệm**, ví dụ:
- Người lao động nước ngoài là **chủ doanh nghiệp, thành viên góp vốn, thành viên Hội đồng quản trị** của công ty tại Việt Nam;
- Người vào làm việc **dưới 3 tháng**;
- Người được **chuyển đổi nội bộ** trong doanh nghiệp có vốn đầu tư nước ngoài;
- Một số ngành đặc thù (giảng viên, nghệ sĩ, vận động viên...) có quy định riêng.

Tuy nhiên, với vị trí **""chuyên gia""**, thông thường vẫn phải đáp ứng điều kiện **tốt nghiệp đại học trở lên và có ít nhất 3 năm kinh nghiệm**.

---

### ✅ Tóm lại:
Để doanh nghiệp tuyển dụng một **chuyên gia nước ngoài**, người đó cần:
- **Tốt nghiệp đại học trở lên** (hoặc văn bằng tương đương) trong lĩnh vực phù hợp;
- **Có ít nhất 3 năm kinh nghiệm** làm việc trong lĩnh vực chuyên môn.

> 📌 Lưu ý: Doanh nghiệp cũng phải thực hiện thủ tục **xác nhận nhu cầu sử dụng lao động nước ngoài** và **xin cấp giấy phép lao động** (hoặc xác nhận không thuộc diện cấp giấy phép) theo quy định tại **Nghị định 152/2020/NĐ-CP** và các văn bản sửa đổi, bổ sung (nếu có).",
Công ty dự kiến tuyển lao động nước ngoài vào ngày 01/10. Công ty phải nộp báo cáo giải trình nhu cầu chậm nhất vào ngày nào?,[],"Theo quy định tại **Khoản 1 Điều 15 Nghị định 140/2023/NĐ-CP** (có hiệu lực từ 01/07/2023), doanh nghiệp sử dụng lao động nước ngoài phải **báo cáo giải trình nhu cầu sử dụng lao động nước ngoài** chậm nhất **trước 30 ngày** so với ngày dự kiến bắt đầu làm việc của lao động nước ngoài.

Trong trường hợp của công ty, lao động nước ngoài dự kiến bắt đầu làm việc từ **ngày 01/10**, do đó:

> **Thời hạn nộp báo cáo giải trình chậm nhất là ngày 01/9** (tức là trước 30 ngày so với ngày 01/10).

✅ **Kết luận**: Công ty phải nộp báo cáo giải trình nhu cầu sử dụng lao động nước ngoài **chậm nhất vào ngày 01/9**.

**Căn cứ pháp lý**:  
- **Khoản 1 Điều 15 Nghị định 140/2023/NĐ-CP** quy định:  
> ""Tổ chức, cá nhân sử dụng lao động nước ngoài phải báo cáo giải trình nhu cầu sử dụng lao động nước ngoài trước ít nhất 30 ngày so với ngày dự kiến sử dụng lao động nước ngoài.""",
"Một người nước ngoài là người đứng đầu văn phòng đại diện tại Việt Nam. Người này có thuộc đối tượng ""Giám đốc điều hành"" theo quy định mới không?",[],"Theo quy định hiện hành của pháp luật Việt Nam, người nước ngoài là người đứng đầu văn phòng đại diện tại Việt Nam **không thuộc đối tượng ""Giám đốc điều hành""** theo quy định mới, vì hai vị trí này có bản chất pháp lý và chức năng khác nhau.

Cụ thể:

1. **Người đứng đầu văn phòng đại diện tại Việt Nam** là cá nhân do doanh nghiệp nước ngoài bổ nhiệm để đại diện theo dõi, thúc đẩy hoạt động của doanh nghiệp mẹ tại Việt Nam. Văn phòng đại diện **không có tư cách pháp nhân**, không được phép kinh doanh, chỉ thực hiện các chức năng hỗ trợ, xúc tiến thương mại, theo quy định tại **Điều 7, Nghị định 07/2023/NĐ-CP** (sửa đổi, bổ sung một số điều của Nghị định về hoạt động của doanh nghiệp nước ngoài, văn phòng đại diện, chi nhánh của doanh nghiệp nước ngoài tại Việt Nam).

2. **""Giám đốc điều hành"" (Chief Executive Officer - CEO)** là người đứng đầu bộ máy quản lý của một **doanh nghiệp có tư cách pháp nhân** tại Việt Nam (ví dụ: công ty trách nhiệm hữu hạn, công ty cổ phần), được bổ nhiệm theo quy định tại **Điều 137 Luật Doanh nghiệp 2020**. Người này có quyền và nghĩa vụ quản lý, điều hành hoạt động kinh doanh của doanh nghiệp.

Do đó, **người đứng đầu văn phòng đại diện không phải là Giám đốc điều hành** của một pháp nhân tại Việt Nam, mà chỉ là người đại diện theo ủy quyền của doanh nghiệp nước ngoài trong phạm vi giới hạn hoạt động của văn phòng đại diện.

👉 **Kết luận**: Người nước ngoài là người đứng đầu văn phòng đại diện tại Việt Nam **không thuộc đối tượng ""Giám đốc điều hành""** theo quy định pháp luật hiện hành.",
"Một công ty có xưởng sản xuất tại Thành phố Long Khánh, tỉnh Đồng Nai. Mức lương tối thiểu tháng mà công ty phải trả cho công nhân từ 01/7/2024 là bao nhiêu?",[],"Theo quy định tại **Nghị định 70/2024/NĐ-CP** ngày 10/6/2024 của Chính phủ về việc điều chỉnh mức lương tối thiểu vùng đối với người lao động làm việc theo hợp đồng lao động, có hiệu lực từ **01/7/2024**, thì mức lương tối thiểu vùng được áp dụng như sau.

Thành phố Long Khánh, tỉnh Đồng Nai thuộc **vùng B** theo quy định tại Phụ lục của Nghị định 70/2024/NĐ-CP.

Do đó, từ **01/7/2024**, mức lương tối thiểu tháng mà công ty phải trả cho người lao động tại xưởng sản xuất ở Thành phố Long Khánh, tỉnh Đồng Nai là:

👉 **5.200.000 đồng/tháng** (theo **Điểm b, Khoản 1, Điều 3, Nghị định 70/2024/NĐ-CP** – mức lương tối thiểu vùng B).

Lưu ý: Mức lương này là mức thấp nhất để trả cho người lao động làm việc trong doanh nghiệp theo hợp đồng lao động và không được thỏa thuận thấp hơn, kể cả khi trả theo sản phẩm hoặc theo thời gian.",
Một sinh viên làm thêm tại quán cà phê ở Thành phố Trà Vinh (Vùng II). Mức lương tối thiểu giờ thấp nhất sinh viên này phải nhận là bao nhiêu?,[],"Theo quy định tại **Nghị định 77/2024/NĐ-CP** ngày 27 tháng 6 năm 2024 của Chính phủ về mức lương tối thiểu theo vùng đối với người lao động làm việc theo hợp đồng lao động, có hiệu lực từ ngày **01 tháng 7 năm 2024**, thì mức lương tối thiểu giờ được quy định theo từng vùng.

Thành phố Trà Vinh thuộc **Vùng II** theo quy định tại Phụ lục của Nghị định này.

Theo **Điều 3, Khoản 2** của Nghị định 77/2024/NĐ-CP:

> ""Mức lương tối thiểu giờ theo vùng quy định như sau:
> - Vùng I: 23.600 đồng/giờ;
> - Vùng II: **21.900 đồng/giờ**;
> - Vùng III: 19.700 đồng/giờ;
> - Vùng IV: 18.100 đồng/giờ.""

Do đó, mức lương tối thiểu giờ thấp nhất mà sinh viên làm thêm tại quán cà phê ở **Thành phố Trà Vinh (Vùng II)** phải nhận là **21.900 đồng/giờ**.

✅ **Kết luận**: Mức lương tối thiểu giờ là **21.900 đồng/giờ** (theo Điều 3, Khoản 2, Nghị định 77/2024/NĐ-CP).",
"Khi áp dụng mức lương tối thiểu mới năm 2024, doanh nghiệp có được phép cắt giảm khoản phụ cấp độc hại đã thỏa thuận trước đó không?",[],"Theo quy định của pháp luật lao động Việt Nam, **doanh nghiệp không được phép đơn phương cắt giảm các khoản phụ cấp, bao gồm phụ cấp độc hại, nếu khoản này đã được thỏa thuận trong hợp đồng lao động hoặc thỏa ước lao động tập thể**.

Cụ thể:

1. **Phụ cấp độc hại** là khoản tiền bù đắp cho người lao động làm việc trong điều kiện có yếu tố nguy hiểm, độc hại, và thường được xác định dựa trên kết quả đánh giá điều kiện lao động (theo **Điều 104 Bộ luật Lao động 2019**).

2. Việc thay đổi nội dung hợp đồng lao động, bao gồm các khoản phụ cấp, phải được **thỏa thuận bằng văn bản giữa người lao động và người sử dụng lao động** (theo **Điều 35 Bộ luật Lao động 2019**). Doanh nghiệp **không được tự ý cắt giảm** mà không có sự đồng ý của người lao động.

3. Việc điều chỉnh lương tối thiểu vùng hằng năm (như mức lương tối thiểu vùng năm 2024) **không ảnh hưởng trực tiếp đến các khoản phụ cấp đã thỏa thuận**, trừ khi có quy định cụ thể khác của pháp luật hoặc hai bên có thỏa thuận mới.

👉 **Kết luận**:  
**Doanh nghiệp không được phép cắt giảm khoản phụ cấp độc hại đã thỏa thuận trước đó chỉ vì áp dụng mức lương tối thiểu mới năm 2024**, trừ khi có sự đồng thuận bằng văn bản với người lao động hoặc có căn cứ theo quy định pháp luật về điều chỉnh điều kiện lao động (ví dụ: môi trường làm việc đã được cải thiện, không còn yếu tố độc hại – cần có kết luận kiểm định).

Nếu doanh nghiệp tự ý cắt giảm, người lao động có quyền khiếu nại hoặc yêu cầu cơ quan có thẩm quyền can thiệp theo quy định tại **Điều 187 Bộ luật Lao động 2019** về giải quyết tranh chấp lao động.",
Anh G ký hợp đồng lao động có thời hạn đúng 01 tháng với một công ty xây dựng. Anh có thuộc diện tham gia BHXH bắt buộc không?,[],"Theo quy định của pháp luật lao động và bảo hiểm xã hội Việt Nam, anh G **có thuộc diện tham gia bảo hiểm xã hội (BHXH) bắt buộc**.

Cụ thể, căn cứ theo **Điều 2 Luật Bảo hiểm xã hội năm 2014 (sửa đổi, bổ sung năm 2015)**, người lao động làm việc theo **hợp đồng lao động có thời hạn từ đủ 01 tháng trở lên** thuộc đối tượng tham gia BHXH bắt buộc.

> **Điều 2. Đối tượng áp dụng**  
> 1. Người lao động là công dân Việt Nam thuộc một trong các trường hợp sau đây:  
> a) Làm việc theo hợp đồng lao động không xác định thời hạn, hợp đồng lao động xác định thời hạn, hợp đồng lao động theo mùa vụ hoặc theo một công việc nhất định có thời hạn từ đủ **03 tháng đến dưới 12 tháng**...  
> *(Lưu ý: Từ ngày 01/01/2021, theo Nghị quyết 95/2019/QH14, đối tượng tham gia BHXH bắt buộc đã được mở rộng)*

Tuy nhiên, kể từ **01/01/2021**, theo **Nghị quyết số 95/2019/QH14** của Quốc hội, **người lao động giao kết hợp đồng lao động có thời hạn từ đủ 01 tháng trở lên** đã được **mở rộng vào diện tham gia BHXH bắt buộc** (trước đây là từ 03 tháng).

Do đó, kể từ thời điểm này, **hợp đồng lao động có thời hạn đúng 01 tháng** cũng thuộc diện phải tham gia BHXH bắt buộc.

✅ **Kết luận**:  
Anh G ký hợp đồng lao động **đúng 01 tháng** với công ty xây dựng thì **thuộc diện tham gia BHXH bắt buộc**, theo quy định tại **Điều 2 Luật Bảo hiểm xã hội 2014** và **Nghị quyết 95/2019/QH14**. Công ty có trách nhiệm đăng ký và đóng BHXH cho anh G.",
"Một hộ gia đình thuê người giúp việc làm việc 8 tiếng/ngày, trả lương trực tiếp. Chủ nhà có trách nhiệm đóng BHXH bắt buộc cho người này không?",[],"Theo quy định của pháp luật lao động và bảo hiểm xã hội Việt Nam, **chủ nhà có trách nhiệm đóng bảo hiểm xã hội (BHXH) bắt buộc** cho người giúp việc nếu đáp ứng các điều kiện theo pháp luật.

Cụ thể:

Theo **Điều 2 Luật Bảo hiểm xã hội năm 2014** (sửa đổi, bổ sung năm 2015), người lao động làm việc theo **hợp đồng lao động** hoặc **hợp đồng làm việc** có thời hạn từ đủ **01 tháng trở lên** thì thuộc đối tượng tham gia BHXH bắt buộc.

Đồng thời, **Khoản 1 Điều 2 Nghị định 143/2018/NĐ-CP** quy định chi tiết:

> ""Người giúp việc gia đình làm việc theo **hợp đồng lao động từ đủ 01 tháng trở lên** thì thuộc đối tượng tham gia bảo hiểm xã hội bắt buộc.""

Do đó, nếu người giúp việc làm việc **8 tiếng/ngày** và **được trả lương trực tiếp**, thì đây là quan hệ lao động kéo dài, ổn định. Nếu thời gian làm việc từ **đủ 01 tháng trở lên**, thì **chủ nhà (người sử dụng lao động)** có trách nhiệm:

- Ký hợp đồng lao động với người giúp việc (theo Điều 18 Bộ luật Lao động 2019),
- **Đóng BHXH bắt buộc** cho người lao động theo quy định tại **Điều 85 và Điều 95 Luật Bảo hiểm xã hội 2014**.

👉 **Tóm lại**:  
**Có**, nếu người giúp việc làm việc từ đủ **01 tháng trở lên**, thì **chủ nhà phải đóng BHXH bắt buộc** cho người này, kể cả khi trả lương trực tiếp và không thông qua công ty môi giới.

Nếu không thực hiện, chủ nhà có thể bị xử phạt hành chính theo Nghị định 28/2020/NĐ-CP về xử phạt vi phạm hành chính trong lĩnh vực lao động.",
"Nhân viên nghỉ việc do ốm đau thông thường và đã đóng BHXH được 10 năm. Trong một năm, nhân viên này được hưởng tối đa bao nhiêu ngày nghỉ chế độ ốm đau?",[],"Theo quy định tại **Điều 25 Luật Bảo hiểm xã hội năm 2014**, người lao động nghỉ việc do ốm đau, tai nạn mà không phải do tai nạn lao động được hưởng chế độ ốm đau.

Cụ thể, **Điều 25, Khoản 1** quy định:

> ""Người lao động được hưởng chế độ ốm đau khi thuộc một trong các trường hợp sau đây:
> a) Bị ốm đau, tai nạn phải nghỉ việc và có xác nhận của cơ sở khám bệnh, chữa bệnh có thẩm quyền theo quy định của pháp luật về khám bệnh, chữa bệnh;
> b) Có con dưới 07 tuổi bị ốm đau phải nghỉ việc để chăm sóc con.""

Về **số ngày nghỉ tối đa được hưởng chế độ ốm đau trong một năm**, căn cứ theo **Khoản 2, Điều 25 Luật Bảo hiểm xã hội 2014**, quy định như sau:

> ""Thời gian nghỉ việc hưởng chế độ ốm đau trong một năm đối với người lao động làm việc theo hợp đồng lao động không xác định thời hạn, hợp đồng lao động xác định thời hạn, hợp đồng lao động theo mùa vụ hoặc theo một công việc nhất định có thời hạn từ đủ 03 tháng trở lên được tính theo số ngày làm việc do ốm đau, nhưng **tối đa bằng 30 ngày làm việc nếu đã đóng bảo hiểm xã hội dưới 15 năm; 40 ngày làm việc nếu đã đóng bảo hiểm xã hội từ đủ 15 năm đến dưới 30 năm; 60 ngày làm việc nếu đã đóng bảo hiểm xã hội từ đủ 30 năm trở lên**.""

Tuy nhiên, **trường hợp người lao động bị ốm đau do bệnh dài ngày**, thì thời gian nghỉ việc hưởng chế độ ốm đau có thể **cao hơn**, nhưng vẫn **không vượt quá 180 ngày trong một năm**, kể cả ngày lễ, Tết, ngày nghỉ theo quy định.

Nhưng trong trường hợp **ốm đau thông thường** (không phải bệnh nặng, dài ngày), thì căn cứ theo thời gian đóng BHXH:

- Nhân viên đã đóng BHXH **10 năm** → thuộc nhóm **dưới 15 năm**.

→ Do đó, theo **Khoản 2, Điều 25 Luật BHXH 2014**, **số ngày nghỉ tối đa được hưởng chế độ ốm đau trong một năm là 30 ngày làm việc**.

✅ **Kết luận**:  
**Nhân viên nghỉ việc do ốm đau thông thường, đã đóng BHXH 10 năm, trong một năm được hưởng tối đa 30 ngày làm việc nghỉ chế độ ốm đau.**

*(Căn cứ: Điều 25 Luật Bảo hiểm xã hội số 58/2014/QH13)*.",
Một giáo viên nữ có nguyện vọng nghỉ hưu sớm vào năm 2026. Mức lương hưu hằng tháng của chị có bị giảm tỷ lệ % do nghỉ hưu trước tuổi không?,[],"Theo quy định của pháp luật bảo hiểm xã hội Việt Nam hiện hành (Luật Bảo hiểm xã hội năm 2014 và các văn bản hướng dẫn thi hành), **việc nghỉ hưu trước tuổi sẽ làm giảm tỷ lệ hưởng lương hưu hằng tháng** do bị trừ tỷ lệ % tương ứng với số năm nghỉ hưu trước tuổi.

Cụ thể:

- **Điều 54, Luật Bảo hiểm xã hội năm 2014** quy định về điều kiện hưởng lương hưu, trong đó có quy định về tuổi nghỉ hưu.
- Theo **Khoản 3, Điều 56, Luật Bảo hiểm xã hội 2014**, nếu người lao động nghỉ hưu trước tuổi (do suy giảm khả năng lao động hoặc theo quy định riêng) thì **mỗi năm nghỉ hưu trước tuổi bị trừ 2%**.

Tuy nhiên, cần lưu ý:

- **Giáo viên** là đối tượng làm việc trong **ngành giáo dục**, thuộc diện được **nghỉ hưu ở tuổi thấp hơn** nếu có đủ điều kiện (ví dụ: làm việc ở vùng có điều kiện kinh tế - xã hội đặc biệt khó khăn, hoặc do suy giảm khả năng lao động).
- Nếu giáo viên **nghỉ hưu trước tuổi theo đúng quy định pháp luật** (ví dụ: đủ điều kiện về thời gian đóng BHXH và suy giảm khả năng lao động từ 61% trở lên theo Điều 55 Luật BHXH), thì **vẫn bị trừ 2% cho mỗi năm nghỉ trước tuổi**.

👉 **Ví dụ**:  
Nếu năm 2026, giáo viên nữ này chưa đến **tuổi nghỉ hưu theo quy định** (hiện nay tuổi nghỉ hưu của nữ là 55 tuổi 4 tháng vào năm 2026, theo lộ trình tăng dần theo Nghị định 135/2020/NĐ-CP), mà xin nghỉ hưu sớm 2 năm, thì **bị trừ 4%** (2 năm × 2%/năm) trên tỷ lệ hưởng lương hưu.

---

✅ **Kết luận**:  
**Có, mức lương hưu hằng tháng của giáo viên nữ nghỉ hưu sớm vào năm 2026 sẽ bị giảm tỷ lệ phần trăm do nghỉ hưu trước tuổi**, cụ thể là **bị trừ 2% cho mỗi năm nghỉ trước tuổi** theo quy định tại **Khoản 3, Điều 56, Luật Bảo hiểm xã hội năm 2014**.",
Tên của người sử dụng lao động là doanh nghiệp trong hợp đồng lao động được ghi theo tài liệu nào?,[],"Theo quy định tại **Điều 18 Bộ luật Lao động năm 2019**, hợp đồng lao động phải được giao kết bằng văn bản và bao gồm các nội dung chủ yếu, trong đó có **họ tên, địa chỉ của người sử dụng lao động**.

Về việc ghi tên người sử dụng lao động là doanh nghiệp, tên này phải được ghi **theo đúng tên đăng ký trong Giấy chứng nhận đăng ký doanh nghiệp** do cơ quan đăng ký kinh doanh cấp.

Cụ thể, theo **Điều 31 Luật Doanh nghiệp năm 2020**, tên doanh nghiệp phải được ghi trong các giấy tờ giao dịch, hợp đồng, hóa đơn và các tài liệu khác xuất trình hoặc phát hành trong quá trình hoạt động kinh doanh. Do đó, trong hợp đồng lao động, tên người sử dụng lao động là doanh nghiệp phải được ghi **theo đúng tên đầy đủ hoặc tên viết tắt đã đăng ký trong Giấy chứng nhận đăng ký doanh nghiệp**.

👉 **Tóm lại**: Tên của người sử dụng lao động là doanh nghiệp trong hợp đồng lao động phải được ghi theo **tên đăng ký trong Giấy chứng nhận đăng ký doanh nghiệp**, căn cứ theo **Điều 18 Bộ luật Lao động 2019** và **Điều 31 Luật Doanh nghiệp 2020**.",
Mức lương theo công việc hoặc chức danh ghi trong hợp đồng lao động được tính theo đơn vị thời gian nào?,[],"Theo quy định tại **Điều 28 Bộ luật Lao động năm 2019**, mức lương theo công việc hoặc chức danh ghi trong hợp đồng lao động được tính theo **đơn vị thời gian là tháng**.

Cụ thể, **Khoản 2 Điều 28** quy định:

> ""Mức lương theo công việc hoặc chức danh là mức lương được trả cho người lao động để thực hiện công việc hoặc chức danh phù hợp với trình độ, kỹ năng, kinh nghiệm và năng lực; **được tính theo thời gian làm việc trong một tháng**.""

Do đó, mức lương theo công việc hoặc chức danh trong hợp đồng lao động được tính theo **tháng**, trừ trường hợp các bên có thỏa thuận khác phù hợp với pháp luật (ví dụ: theo ngày, giờ – nhưng phải đảm bảo không thấp hơn mức lương tối thiểu vùng theo tháng khi quy đổi).",
"Trong lĩnh vực nông nghiệp, hai bên có thể giảm nội dung thỏa thuận về nâng bậc lương đối với loại công việc nào?",[],"Theo quy định của pháp luật lao động Việt Nam, trong lĩnh vực nông nghiệp, hai bên (người lao động và người sử dụng lao động) có thể thỏa thuận về việc **không áp dụng thang lương, bảng lương** đối với **công việc giản đơn nhất** hoặc **công việc có thời hạn dưới 3 tháng**.

Cụ thể, căn cứ theo **Điều 93 Bộ luật Lao động năm 01/2019/QH14**, quy định:

> ""1. Người sử dụng lao động xây dựng thang lương, bảng lương đối với người lao động làm công việc đòi hỏi phải được đào tạo nghề, trừ công việc giản đơn trong tổ chức có từ 10 người lao động trở lên.
>
> 2. Đối với công việc giản đơn hoặc công việc có thời hạn dưới 03 tháng, hai bên có thể thỏa thuận không áp dụng thang lương, bảng lương.""

Do đó, trong lĩnh vực nông nghiệp, nếu công việc là **giản đơn** (như làm cỏ, tưới cây, thu hoạch...) hoặc **có thời hạn dưới 3 tháng**, thì hai bên **có thể giảm hoặc không đưa nội dung thỏa thuận về nâng bậc lương** vào hợp đồng lao động, vì không bắt buộc phải áp dụng thang lương, bảng lương.

Tuy nhiên, tiền lương trả cho người lao động vẫn phải **đảm bảo không thấp hơn mức lương tối thiểu vùng** theo quy định tại **Điều 90 Bộ luật Lao động 2019**.",
Hành vi dùng vũ lực để ép buộc người lao động làm việc trái ý muốn được gọi là gì?,[],"Hành vi dùng vũ lực để ép buộc người lao động làm việc trái ý muốn được gọi là **buộc lao động trái pháp luật** hoặc cụ thể hơn, có thể cấu thành **tội ngược đãi người dưới quyền, người bị quản lý** hoặc **tội sử dụng lao động trái phép** tùy theo tính chất và mức độ.

Theo **Điều 140 Bộ luật Hình sự năm 2015 (sửa đổi, bổ sung năm 2017)**, hành vi **bắt hoặc giữ người trái pháp luật** có thể bị xử lý hình sự nếu dùng vũ lực, đe dọa dùng vũ lực hoặc các hình thức cưỡng bức khác để buộc người lao động làm việc.

Ngoài ra, **Điều 142 Bộ luật Hình sự** quy định về **tội ngược đãi người dưới quyền**, trong đó nêu rõ:

> ""Người nào đối xử tàn bạo hoặc hành hạ người dưới quyền, người bị quản lý thì bị phạt cải tạo không giam giữ đến 03 năm hoặc phạt tù từ 03 tháng đến 02 năm.""

Trong lĩnh vực lao động, **Bộ luật Lao động năm 2019** cũng nghiêm cấm việc **ép buộc lao động**, cụ thể tại **Điều 7**:

> ""Cấm ép buộc lao động, sử dụng lao động chưa thành niên trái quy định, phân biệt đối xử trong lao động...""

Do đó, hành vi dùng vũ lực để ép buộc người lao động làm việc trái ý muốn có thể bị xử lý theo **Bộ luật Hình sự** và **Bộ luật Lao động**, tùy theo mức độ và hoàn cảnh cụ thể.",
Chi phí tuyển dụng lao động do ai chi trả?,[],"Theo quy định tại **Điều 9 Thông tư 14/2021/TT-BLĐTBXH** ngày 09/9/2021 của Bộ Lao động - Thương binh và Xã hội hướng dẫn về hợp đồng lao động, tuyển dụng, quản lý người lao động làm việc theo hợp đồng lao động, thì:

> **Chi phí tuyển dụng người lao động do người sử dụng lao động chi trả.**

Cụ thể, **Khoản 1 Điều 9** quy định:

> ""Người sử dụng lao động có trách nhiệm chi trả các chi phí liên quan đến tuyển dụng người lao động, bao gồm: chi phí đăng tin tuyển dụng, tổ chức phỏng vấn, kiểm tra, đánh giá ứng viên, chi phí khám sức khỏe (nếu có), và các chi phí khác liên quan trực tiếp đến quá trình tuyển dụng.""

Do đó, **người sử dụng lao động (doanh nghiệp, tổ chức, cá nhân thuê lao động)** là bên có trách nhiệm chi trả toàn bộ chi phí tuyển dụng, **không được yêu cầu người lao động hoàn trả các chi phí này**, trừ trường hợp hai bên có thỏa thuận khác trong hợp đồng lao động mà không trái pháp luật.

Tóm lại: **Chi phí tuyển dụng lao động do người sử dụng lao động chi trả.**",
Người sử dụng lao động có được giữ bản chính giấy tờ tùy thân của người lao động khi giao kết hợp đồng không?,[],"Không, người sử dụng lao động **không được giữ bản chính giấy tờ tùy thân** của người lao động khi giao kết hợp đồng lao động.

Theo **Điều 20, Bộ luật Lao động năm 2019** (có hiệu lực từ ngày 01/01/2021), quy định:

> **""Điều 20. Quyền và nghĩa vụ của người lao động**  
> ...  
> 3. Không bị người sử dụng lao động giữ bản chính giấy tờ tuỳ thân, văn bằng, chứng chỉ và tài sản của người lao động.""

Việc giữ bản chính các giấy tờ tùy thân (như chứng minh nhân dân, căn cước công dân, bằng cấp, sổ bảo hiểm xã hội...) là **hành vi vi phạm pháp luật**, kể cả khi người lao động đồng ý.

Người sử dụng lao động chỉ được yêu cầu **xuất trình** để kiểm tra và có thể giữ **bản sao có công chứng hoặc chứng thực** (nếu cần) theo quy định, nhưng **không được giữ bản gốc**.

Nếu người sử dụng lao động vi phạm, người lao động có quyền khiếu nại hoặc tố cáo đến cơ quan quản lý lao động theo quy định tại **Điều 137 Bộ luật Lao động 2019**.",
Thời gian thử việc đối với công việc có chức danh nghề nghiệp cần trình độ chuyên môn từ cao đẳng trở lên là bao lâu?,[],"Theo quy định tại **Điều 27 Bộ luật Lao động năm 2019**, thời gian thử việc tùy thuộc vào tính chất, mức độ phức tạp của công việc và trình độ chuyên môn, kỹ thuật của người lao động.

Cụ thể, tại **Khoản 1 Điều 27** quy định:

> ""Thời gian thử việc do hai bên thỏa thuận nhưng **không quá 60 ngày** đối với công việc có chức danh nghề nghiệp cần trình độ chuyên môn kỹ thuật từ **cao đẳng trở lên**.""

**Vì vậy**, thời gian thử việc đối với công việc yêu cầu trình độ từ cao đẳng trở lên **không được vượt quá 60 ngày**.",
Giờ làm việc ban đêm theo Bộ luật Lao động được tính trong khung giờ nào?,[],"Theo Bộ luật Lao động năm 2019, giờ làm việc ban đêm được quy định cụ thể tại **Điều 107**.

**Giờ làm việc ban đêm** là giờ làm việc từ **22 giờ ngày hôm trước đến 06 giờ ngày hôm sau**.

👉 Cụ thể, **Khoản 1 Điều 107 Bộ luật Lao động 2019** quy định:

> ""Làm việc ban đêm là làm việc từ 22 giờ đến 06 giờ ngày hôm sau.""

Do đó, khung giờ làm việc ban đêm theo pháp luật lao động Việt Nam là **từ 22 giờ đến 06 giờ**.",
Hành vi thu tiền của người lao động tham gia tuyển dụng lao động bị xử phạt tiền ở mức nào?,[],"Theo quy định tại **Điểm a Khoản 3 Điều 15 Nghị định 12/2022/NĐ-CP** quy định xử phạt vi phạm hành chính trong lĩnh vực lao động, bảo hiểm xã hội, đưa người lao động Việt Nam đi làm việc ở nước ngoài theo hợp đồng, hành vi **thu tiền của người lao động trong quá trình tuyển dụng** bị xử phạt như sau:

> **Phạt tiền từ 10.000.000 đồng đến 15.000.000 đồng** đối với người sử dụng lao động có một trong các hành vi sau đây:
> 
> a) Yêu cầu người lao động phải nộp tiền đặt cọc để đảm bảo thực hiện hợp đồng lao động;  
> b) **Thu tiền của người lao động trong quá trình tuyển dụng, tiếp nhận vào làm việc**.

Do đó, hành vi **thu tiền của người lao động khi tham gia tuyển dụng** bị xử phạt tiền **từ 10.000.000 đồng đến 15.000.000 đồng**.

**Lưu ý:** Việc thu bất kỳ khoản tiền nào (phí hồ sơ, phí tuyển dụng, phí đào tạo, đặt cọc...) từ người lao động trong quá trình tuyển dụng là **trái pháp luật**, trừ trường hợp pháp luật có quy định khác (ví dụ: chi phí khám sức khỏe do người lao động tự chi trả theo thỏa thuận, nhưng không bắt buộc và không được ép buộc).",
Người sử dụng lao động bị phạt tiền từ 2.000.000 đồng đến 5.000.000 đồng nếu vi phạm quy định nào về thử việc?,[],"Theo quy định tại **Điểm a, Khoản 1, Điều 5 Nghị định 12/2022/NĐ-CP** quy định xử phạt vi phạm hành chính trong lĩnh vực lao động, bảo hiểm xã hội, đưa người lao động Việt Nam đi làm việc ở nước ngoài theo hợp đồng, người sử dụng lao động bị phạt tiền từ **2.000.000 đồng đến 5.000.000 đồng** nếu vi phạm một trong các hành vi sau đây về **thử việc**:

> **""a) Không ký kết hợp đồng thử việc bằng văn bản hoặc không ghi nội dung thử việc vào hợp đồng lao động theo quy định của pháp luật.""**

### Căn cứ pháp lý:
- **Điều 25 Bộ luật Lao động năm 2019** quy định: Việc thử việc phải được ghi nhận bằng **hợp đồng thử việc** hoặc **ghi vào hợp đồng lao động**.
- **Nghị định 12/2022/NĐ-CP**, Khoản 1 Điều 5: Quy định mức xử phạt đối với hành vi vi phạm trong việc ký kết hợp đồng thử việc.

👉 Như vậy, nếu người sử dụng lao động **không ký hợp đồng thử việc bằng văn bản** hoặc **không ghi rõ nội dung thử việc vào hợp đồng lao động**, sẽ bị xử phạt hành chính với mức tiền từ **2.000.000 đồng đến 5.000.000 đồng**.",
Mức phạt tối đa đối với cá nhân khi trả lương cho người lao động thấp hơn mức lương tối thiểu là bao nhiêu?,[],"Theo quy định tại **Điểm a, Khoản 4, Điều 16 Nghị định 28/2022/NĐ-CP** (sửa đổi, bổ sung bởi **Nghị định 123/2023/NĐ-CP**), mức phạt tối đa đối với cá nhân khi trả lương cho người lao động thấp hơn mức lương tối thiểu vùng do Chính phủ quy định là:

> **Phạt tiền từ 20.000.000 đồng đến 25.000.000 đồng.**

Cụ thể:

> **Khoản 4, Điều 16 Nghị định 28/2022/NĐ-CP** quy định:
> 
> ""Phạt tiền đối với hành vi trả lương cho người lao động thấp hơn mức lương tối thiểu vùng theo quy định của Chính phủ:
> 
> a) Phạt tiền từ 20.000.000 đồng đến 25.000.000 đồng đối với cá nhân;  
> b) Phạt tiền từ 40.000.000 đồng đến 50.000.000 đồng đối với tổ chức.""

Do đó, **mức phạt tối đa đối với cá nhân** trong trường hợp này là **25.000.000 đồng**.",
Hình thức xử phạt bổ sung đối với hành vi sử dụng lao động nước ngoài không có giấy phép lao động là gì?,[],"Theo quy định tại **Điểm a, Khoản 3, Điều 15 Nghị định 12/2022/NĐ-CP** ngày 14 tháng 02 năm 2022 của Chính phủ về xử phạt vi phạm hành chính trong lĩnh vực lao động, bảo hiểm xã hội, bảo hiểm thất nghiệp và an toàn vệ sinh lao động, thì:

> “Phạt tiền từ 30.000.000 đồng đến 75.000.000 đồng đối với người sử dụng lao động có hành vi sử dụng lao động nước ngoài làm việc tại Việt Nam mà không có giấy phép lao động hoặc có giấy phép lao động nhưng hết hiệu lực, trừ trường hợp quy định tại Khoản 1 Điều này.”

**Hình thức xử phạt bổ sung** đối với hành vi này được quy định tại **Khoản 4, Điều 15** như sau:

> “**Phạt bổ sung: đình chỉ hoạt động từ 01 tháng đến 03 tháng** đối với cá nhân, tổ chức có hành vi vi phạm quy định tại Khoản 3 Điều này.”

**Tóm lại**, ngoài hình thức phạt tiền, hình thức xử phạt bổ sung đối với hành vi sử dụng lao động nước ngoài không có giấy phép lao động là **đình chỉ hoạt động từ 01 tháng đến 03 tháng**.

**Căn cứ pháp lý**:  
- **Khoản 3 và Khoản 4, Điều 15 Nghị định 12/2022/NĐ-CP**.",
Thời hạn của hợp đồng lao động đối với giám đốc được thuê trong doanh nghiệp có vốn nhà nước tối đa là bao lâu?,[],"Theo quy định tại **Điều 54 Luật Doanh nghiệp năm 2020**, đối với doanh nghiệp có vốn nhà nước, thời hạn của hợp đồng lao động đối với Giám đốc hoặc Tổng giám đốc được thuê như sau:

> **""Thời hạn hợp đồng làm việc của Giám đốc hoặc Tổng giám đốc công ty trách nhiệm hữu hạn một thành viên do Nhà nước làm chủ sở hữu, công ty trách nhiệm hữu hạn hai thành viên trở lên mà Nhà nước nắm giữ trên 50% vốn điều lệ, công ty cổ phần do Nhà nước nắm giữ trên 50% vốn điều lệ hoặc tổng công ty nhà nước là 05 năm.""**

Tuy nhiên, tại **Khoản 2 Điều 54** cũng quy định:

> ""Trường hợp đặc biệt, căn cứ vào năng lực, trình độ chuyên môn, kinh nghiệm quản lý, hiệu quả hoạt động của doanh nghiệp và nhu cầu sử dụng, thời hạn hợp đồng có thể được kéo dài, nhưng **tối đa không quá 05 năm cho mỗi lần ký** và **tổng thời gian làm việc liên tục không quá 10 năm**.""

Do đó, **thời hạn tối đa của hợp đồng lao động đối với Giám đốc được thuê trong doanh nghiệp có vốn nhà nước là 10 năm**, với điều kiện được ký nhiều nhất 02 lần, mỗi lần không quá 05 năm.

**Tóm lại:**  
Thời hạn hợp đồng tối đa là **10 năm liên tục**, theo quy định tại **Điều 54 Luật Doanh nghiệp năm 2020**.",
Tháng lẻ trên 06 tháng làm việc được tính là bao nhiêu năm để tính trợ cấp thôi việc?,[],"Theo quy định tại **Điều 48 Bộ luật Lao động năm 2019**, khi người lao động chấm dứt hợp đồng lao động mà thuộc trường hợp được hưởng trợ cấp thôi việc, thì thời gian làm việc để tính trợ cấp thôi việc là tổng thời gian người lao động đã làm việc cho người sử dụng lao động, **trừ đi thời gian đã đóng bảo hiểm thất nghiệp** (nếu đã đóng thì không tính vào trợ cấp thôi việc).

Cụ thể, tại **Khoản 2 Điều 48 Bộ luật Lao động 2019** quy định:

> ""Thời gian làm việc để tính trợ cấp thôi việc là thời gian người lao động đã làm việc thực tế cho người sử dụng lao động, **kể cả thời gian thử việc**, thời gian được cử đi học, thời gian nghỉ hằng năm, nghỉ lễ, nghỉ việc riêng được người sử dụng lao động đồng ý, thời gian nghỉ việc do ốm đau, tai nạn, có xác nhận của cơ sở khám bệnh, chữa bệnh có thẩm quyền, thời gian bị tạm giữ, tạm giam nhưng sau đó được cơ quan nhà nước có thẩm quyền kết luận không có lỗi.""

Về việc **làm tròn thời gian** để tính trợ cấp thôi việc, theo **Khoản 3 Điều 14 Nghị định 145/2020/NĐ-CP** hướng dẫn thi hành Bộ luật Lao động, quy định:

> ""Thời gian làm việc để tính trợ cấp thôi việc, trợ cấp mất việc làm được tính theo **năm** (đủ 12 tháng), **phần lẻ từ 06 tháng trở lên được tính bằng 01 năm**; phần lẻ dưới 06 tháng không được tính.""

👉 **Vậy, nếu phần lẻ trên 06 tháng (tức từ 6 tháng 1 ngày trở lên đến 11 tháng 30 ngày), thì được làm tròn thành 01 năm** để tính trợ cấp thôi việc.

**Tóm lại:**  
- **Tháng lẻ từ 06 tháng trở lên** → được tính là **01 năm**.  
- **Tháng lẻ dưới 06 tháng** → **không được tính**.

✅ Ví dụ: Làm việc 5 năm 7 tháng → được tính là 6 năm.  
❌ Làm việc 5 năm 5 tháng → được tính là 5 năm.",
Bên người sử dụng lao động tham gia đối thoại tại nơi làm việc phải bảo đảm ít nhất bao nhiêu người?,[],"Theo quy định tại **Điều 64 Bộ luật Lao động năm 2019**, đối thoại tại nơi làm việc phải được thực hiện định kỳ hằng năm, đột xuất theo yêu cầu và bảo đảm sự tham gia của các bên có liên quan.

Cụ thể, tại **Khoản 1 Điều 64** quy định:

> ""Đối thoại tại nơi làm việc do người sử dụng lao động và người lao động tiến hành trên cơ sở bình đẳng, thiện chí, công khai, minh bạch và bảo đảm sự tham gia của ít nhất **01 đại diện người sử dụng lao động** và **01 đại diện người lao động**.""

Do đó, **bên người sử dụng lao động tham gia đối thoại tại nơi làm việc phải bảo đảm ít nhất 01 người** đại diện.

**Kết luận:** Ít nhất **01 người** đại diện cho người sử dụng lao động tham gia đối thoại tại nơi làm việc (theo **Điều 64 Bộ luật Lao động 2019**).",
Thời gian nghỉ giữa giờ khi làm việc ban đêm được tính vào giờ làm việc đối với ca liên tục là bao nhiêu phút?,[],"Theo quy định tại **Điều 107 Bộ luật Lao động năm 2019**, thời gian nghỉ giữa giờ khi làm việc ban đêm được tính vào giờ làm việc như sau:

> **Điều 107. Thời gian nghỉ giữa giờ, nghỉ chuyển ca**
>
> 1. Người lao động làm việc theo ngày làm việc hoặc theo tuần có quyền nghỉ liên tục ít nhất 30 phút trong thời gian làm việc, tính vào thời gian làm việc nếu làm việc 8 giờ trở lên trong ngày.
>
> 2. Người lao động làm việc ban đêm thì được nghỉ thêm ít nhất 30 phút so với người làm việc ban ngày, thời gian nghỉ này được tính vào thời gian làm việc.

Do đó, **khi làm việc ban đêm trong ca liên tục**, người lao động được nghỉ giữa giờ **ít nhất 30 phút**, và **thời gian này được tính vào giờ làm việc**.

Tóm lại:  
👉 **Thời gian nghỉ giữa giờ khi làm việc ban đêm được tính vào giờ làm việc là ít nhất 30 phút** (theo Khoản 2 Điều 107 Bộ luật Lao động 2019).",
Trước ít nhất bao nhiêu ngày dự kiến sử dụng lao động nước ngoài thì người sử dụng lao động phải báo cáo giải trình nhu cầu?,[],"Theo quy định tại **Khoản 1 Điều 8 Nghị định 140/2023/NĐ-CP** (sửa đổi, bổ sung một số điều của Nghị định 152/2020/NĐ-CP về người lao động nước ngoài làm việc tại Việt Nam), người sử dụng lao động phải **báo cáo, giải trình nhu cầu sử dụng lao động nước ngoài trước ít nhất 30 ngày** so với ngày dự kiến sử dụng lao động nước ngoài.

**Trích dẫn cụ thể:**

> ""1. Người sử dụng lao động báo cáo, giải trình nhu cầu sử dụng lao động nước ngoài **trước ít nhất 30 ngày** kể từ ngày dự kiến sử dụng lao động nước ngoài...""  
> – **Khoản 1 Điều 8 Nghị định 140/2023/NĐ-CP**

Lưu ý: Thời hạn này áp dụng đối với trường hợp doanh nghiệp, tổ chức, cá nhân sử dụng lao động nước ngoài phải thực hiện thủ tục xin xác nhận nhu cầu sử dụng lao động nước ngoài.",
Thời hạn cơ quan có thẩm quyền ra văn bản chấp thuận hoặc không chấp thuận việc sử dụng lao động nước ngoài là bao lâu?,[],"Theo quy định tại **Khoản 1 Điều 17 Nghị định số 140/2023/NĐ-CP** ngày 15 tháng 7 năm 2023 của Chính phủ quy định chi tiết một số điều của Luật Việc làm về việc làm của người lao động nước ngoài tại Việt Nam, thời hạn cơ quan có thẩm quyền ra văn bản chấp thuận hoặc không chấp thuận việc sử dụng lao động nước ngoài là:

> **""Trong thời hạn 10 ngày làm việc kể từ ngày nhận được hồ sơ đầy đủ, hợp lệ, Sở Lao động - Thương binh và Xã hội có văn bản trả lời doanh nghiệp về việc chấp thuận hoặc không chấp thuận việc sử dụng lao động nước ngoài.""**

Do đó, thời hạn để cơ quan có thẩm quyền (Sở Lao động - Thương binh và Xã hội) ra văn bản chấp thuận hoặc không chấp thuận là **10 ngày làm việc** kể từ ngày nhận đủ hồ sơ hợp lệ.",
Mức lương tối thiểu tháng áp dụng cho người lao động làm việc tại các địa bàn thuộc Vùng I là bao nhiêu?,[],"Theo Nghị định số 70/2023/NĐ-CP ngày 16 tháng 6 năm 2023 của Chính phủ quy định mức lương tối thiểu vùng đối với người lao động làm việc theo hợp đồng lao động, mức lương tối thiểu tháng áp dụng cho người lao động làm việc tại các địa bàn thuộc **Vùng I** là **4.960.000 đồng/tháng**.

Cụ thể, Điều 3 của Nghị định này quy định:

> ""1. Mức lương tối thiểu tháng quy định tại Điều này là mức thấp nhất làm cơ sở để thỏa thuận và trả lương, áp dụng đối với người lao động làm việc theo hợp đồng lao động theo quy định của pháp luật lao động.
>
> 2. Mức lương tối thiểu tháng quy định tại khoản 1 Điều này được áp dụng theo từng vùng như sau:
>
> a) Vùng I: 4.960.000 đồng/tháng;
> b) Vùng II: 4.410.000 đồng/tháng;
> c) Vùng III: 3.860.000 đồng/tháng;
> d) Vùng IV: 3.310.000 đồng/tháng.""

Nghị định này có hiệu lực từ ngày **01 tháng 7 năm 2023**.

👉 Như vậy, mức lương tối thiểu tháng tại Vùng I là **4.960.000 đồng/tháng** (theo Điều 3, Nghị định 70/2023/NĐ-CP).",
Khi doanh nghiệp có các chi nhánh hoạt động trên các địa bàn có mức lương tối thiểu khác nhau thì áp dụng mức lương nào?,[],"Khi doanh nghiệp có các chi nhánh hoạt động trên các địa bàn có mức lương tối thiểu khác nhau, thì **mỗi chi nhánh phải áp dụng mức lương tối thiểu vùng tương ứng với địa bàn nơi chi nhánh đó đặt trụ sở**.

Căn cứ theo **Điều 90 Bộ luật Lao động năm 2019** (có hiệu lực từ ngày 01/01/2021), quy định:

> **Điều 90. Mức lương tối thiểu vùng**
> 
> 1. Mức lương tối thiểu vùng do Chính phủ quy định căn cứ vào nhu cầu sống tối thiểu của người lao động và gia đình họ, điều kiện kinh tế - xã hội, mức lương thị trường.
> 
> 2. Người sử dụng lao động hoạt động trên địa bàn nào thì áp dụng mức lương tối thiểu vùng quy định đối với địa bàn đó.

Do đó, **doanh nghiệp phải tuân thủ mức lương tối thiểu vùng theo từng địa phương** nơi chi nhánh hoạt động. Ví dụ:
- Chi nhánh tại TP.HCM (vùng I) → áp dụng mức lương tối thiểu vùng I.
- Chi nhánh tại một huyện thuộc tỉnh Hà Tĩnh (vùng III) → áp dụng mức lương tối thiểu vùng III.

Hiện nay, mức lương tối thiểu vùng được quy định tại **Nghị định 74/2023/NĐ-CP** (sửa đổi, bổ sung Nghị định 38/2022/NĐ-CP), có hiệu lực từ ngày 01/07/2023, cụ thể:
- Vùng I: 4.960.000 đồng/tháng
- Vùng II: 4.410.000 đồng/tháng
- Vùng III: 3.860.000 đồng/tháng
- Vùng IV: 3.450.000 đồng/tháng

👉 **Tóm lại**: Mỗi chi nhánh áp dụng mức lương tối thiểu vùng theo **địa bàn tỉnh, thành phố trực thuộc trung ương** nơi chi nhánh đó đặt trụ sở, theo quy định tại **Điều 90 Bộ luật Lao động 2019**.",
Mức lương quy đổi theo tháng từ mức lương theo ngày được tính như thế nào?,[],"Theo quy định của pháp luật lao động Việt Nam, mức lương quy đổi theo tháng từ mức lương theo ngày được tính dựa trên số ngày làm việc bình thường trong một tháng.

Cụ thể, căn cứ theo **Khoản 1 Điều 5 Nghị định 153/2020/NĐ-CP** hướng dẫn Bộ luật Lao động, cách quy đổi lương theo ngày ra lương theo tháng được thực hiện như sau:

> **""Mức lương theo tháng = Mức lương theo ngày × Số ngày làm việc bình thường trong tháng""**

Trong đó:

- **Số ngày làm việc bình thường trong tháng** được tính bằng **26 ngày** (tức là số ngày làm việc bình thường trong một tháng theo quy định tại điểm này, không tính ngày nghỉ lễ, nghỉ Tết, nghỉ hàng tuần).
  
Do đó, công thức cụ thể là:

> **Lương tháng = Lương ngày × 26**

Ví dụ: Nếu người lao động có mức lương theo ngày là 300.000 đồng, thì mức lương quy đổi theo tháng là:  
300.000 đồng/ngày × 26 ngày = **7.800.000 đồng/tháng**.

**Lưu ý**: Việc quy đổi này chỉ mang tính chất tham khảo để so sánh hoặc tính toán mức lương tối thiểu vùng, không thay thế cho hợp đồng lao động. Nếu trả lương theo ngày, tuần, giờ thì vẫn phải đảm bảo mức lương không thấp hơn mức lương tối thiểu vùng do Chính phủ quy định (theo quy định tại **Nghị định 153/2020/NĐ-CP** và các văn bản sửa đổi, bổ sung nếu có).

👉 Tóm lại: **Lương tháng = Lương ngày × 26 ngày làm việc bình thường** (theo Khoản 1 Điều 5 Nghị định 153/2020/NĐ-CP).",
Người làm việc theo hợp đồng lao động xác định thời hạn từ bao lâu thì thuộc đối tượng tham gia BHXH bắt buộc?,[],"Theo quy định tại **Khoản 1 Điều 2 Luật Bảo hiểm xã hội năm 2014**, người làm việc theo **hợp đồng lao động có thời hạn từ đủ 01 tháng trở lên** thuộc đối tượng tham gia bảo hiểm xã hội bắt buộc.

Cụ thể:

> **Điều 2. Đối tượng áp dụng**  
> 1. Người lao động là công dân Việt Nam tham gia bảo hiểm xã hội bắt buộc, bao gồm:  
> a) Người làm việc theo **hợp đồng lao động không xác định thời hạn, hợp đồng lao động xác định thời hạn, hợp đồng lao động theo mùa vụ hoặc theo một công việc nhất định có thời hạn từ đủ 01 tháng đến dưới 12 tháng**...

Như vậy, **người làm việc theo hợp đồng lao động xác định thời hạn từ đủ 01 tháng trở lên** phải tham gia BHXH bắt buộc.",
Chế độ bảo hiểm xã hội bắt buộc bao gồm những nội dung nào?,[],"Chế độ bảo hiểm xã hội bắt buộc được quy định cụ thể tại **Điều 2 Luật Bảo hiểm xã hội năm 2014**. Theo đó, chế độ bảo hiểm xã hội bắt buộc bao gồm các nội dung sau:

1. **Chế độ ốm đau**  
2. **Chế độ thai sản**  
3. **Chế độ tai nạn lao động, bệnh nghề nghiệp**  
4. **Chế độ hưu trí**  
5. **Chế độ tử tuất**

Các chế độ này áp dụng đối với người lao động và người sử dụng lao động tham gia bảo hiểm xã hội bắt buộc theo quy định của pháp luật.

👉 *Căn cứ pháp lý: Điều 2 Luật Bảo hiểm xã hội số 58/2014/QH13 ngày 20 tháng 11 năm 2014.*",
Hành vi nào bị nghiêm cấm liên quan đến sổ bảo hiểm xã hội?,[],"Theo quy định tại **Điều 120, Luật Bảo hiểm xã hội năm 2014**, các hành vi sau đây bị nghiêm cấm liên quan đến sổ bảo hiểm xã hội:

1. **Cản trở việc thực hiện bảo hiểm xã hội.**

2. **Gian lận bảo hiểm xã hội.**

3. **Lợi dụng, lạm dụng bảo hiểm xã hội.**

4. **Sử dụng trái phép tiền đóng bảo hiểm xã hội.**

5. **Cố ý làm sai lệch thông tin, số liệu bảo hiểm xã hội.**

6. **Chiếm dụng tiền đóng, tiền hưởng bảo hiểm xã hội.**

7. **Cản trở, làm khó dễ, gây phiền hà đối với người tham gia, người hưởng bảo hiểm xã hội.**

8. **Làm giả, tẩy xóa, sửa chữa, sử dụng sổ bảo hiểm xã hội trái pháp luật.**

9. **Không lập danh sách, không nộp hồ sơ, không thực hiện đúng quy định về bảo hiểm xã hội.**

10. **Không cung cấp hoặc cung cấp thông tin, tài liệu sai sự thật về bảo hiểm xã hội.**

Trong đó, hành vi **làm giả, tẩy xóa, sửa chữa, sử dụng sổ bảo hiểm xã hội trái pháp luật** (điểm 8) là hành vi trực tiếp liên quan đến sổ BHXH và bị nghiêm cấm.

Vi phạm các quy định trên có thể bị xử lý hành chính hoặc truy cứu trách nhiệm hình sự tùy theo mức độ vi phạm, theo quy định của pháp luật.",
Mức hưởng trợ cấp một lần khi sinh con cho mỗi con bằng bao nhiêu lần mức tham chiếu?,[],"Theo quy định tại **Điều 38 Luật Bảo hiểm xã hội năm 2014**, lao động nữ sinh con hoặc người lao động nhận nuôi con nuôi dưới 06 tháng tuổi thì được hưởng trợ cấp một lần cho mỗi con.

Cụ thể, **mức hưởng trợ cấp một lần khi sinh con cho mỗi con bằng 2 lần mức tham chiếu**.

> **Điều 38. Trợ cấp một lần khi sinh con, nhận nuôi con nuôi**
> 
> 1. Lao động nữ sinh con hoặc người lao động nhận nuôi con nuôi dưới 06 tháng tuổi thì được trợ cấp một lần cho mỗi con bằng **02 lần mức tham chiếu** tại thời điểm sinh con hoặc nhận nuôi con nuôi.

Lưu ý: Mức tham chiếu hiện nay (từ ngày 01/7/2023) là **1,8 triệu đồng/tháng**, do đó mức trợ cấp một lần là **3,6 triệu đồng/con**.",
"Chính sách của Nhà nước về lao động: Dựa trên Bộ luật Lao động 2019, hãy khái quát các nhóm chính sách trọng tâm của Nhà nước nhằm bảo đảm quyền lợi cho người lao động, người sử dụng lao động và thúc đẩy thị trường lao động phát triển",[],"Dựa trên **Bộ luật Lao động năm 2019** (có hiệu lực từ ngày 01/01/2021), Nhà nước Việt Nam thực hiện các chính sách lao động nhằm bảo đảm quyền lợi cho người lao động, người sử dụng lao động và thúc đẩy thị trường lao động phát triển bền vững. Các nhóm chính sách trọng tâm được thể hiện rõ trong nhiều điều khoản của Bộ luật, có thể khái quát như sau:

---

### **1. Chính sách bảo đảm quyền và lợi ích hợp pháp của người lao động**

Đây là nhóm chính sách trọng tâm, thể hiện quan điểm bảo vệ người lao động – đối tượng có vị thế yếu hơn trong quan hệ lao động.

- **Bảo đảm quyền làm việc, tự do lựa chọn việc làm** (Điều 4): Người lao động có quyền làm việc, tự do lựa chọn nghề nghiệp, việc làm, không bị phân biệt đối xử.
- **Bảo đảm điều kiện lao động công bằng, an toàn, vệ sinh** (Điều 147): Người sử dụng lao động phải bảo đảm điều kiện làm việc an toàn, vệ sinh lao động, phòng, chống tai nạn lao động, bệnh nghề nghiệp.
- **Bảo đảm tiền lương tối thiểu, trả lương đúng thời hạn** (Điều 90, 97): Tiền lương không được thấp hơn mức **tối thiểu vùng** do Chính phủ quy định; phải trả lương đầy đủ, đúng hạn.
- **Bảo đảm thời giờ làm việc, thời giờ nghỉ ngơi** (Điều 104–115): Giới hạn thời giờ làm việc bình thường không quá **8 giờ/ngày, 48 giờ/tuần**; quy định về làm thêm giờ, nghỉ ngơi giữa ca, nghỉ hằng ngày, nghỉ hằng tuần, nghỉ lễ, nghỉ hàng năm.
- **Bảo vệ lao động nữ, lao động chưa thành niên, lao động là người khuyết tật** (Điều 134–143): Cấm sử dụng lao động chưa thành niên làm việc quá sức, làm việc vào ban đêm, tại nơi có nguy cơ tai nạn cao; bảo đảm chế độ thai sản, nghỉ việc riêng, nghỉ nuôi con nhỏ cho lao động nữ.

---

### **2. Chính sách hỗ trợ và phát triển quan hệ lao động hài hòa, ổn định, tiến bộ**

Nhà nước khuyến khích xây dựng quan hệ lao động dựa trên nguyên tắc **tự nguyện, bình đẳng, hợp tác và tôn trọng quyền lợi hợp pháp** của các bên.

- **Khuyến khích đối thoại, thương lượng tập thể, ký kết thỏa ước lao động tập thể** (Điều 70–79): Người sử dụng lao động và người lao động có quyền thương lượng, ký kết thỏa ước lao động tập thể, trong đó điều kiện có thể tốt hơn quy định pháp luật.
- **Hỗ trợ tổ chức đại diện người lao động tại cơ sở** (Điều 177–183): Công đoàn có vai trò quan trọng trong việc bảo vệ quyền lợi người lao động, tham gia đối thoại, thương lượng, giải quyết tranh chấp.
- **Giải quyết tranh chấp lao động** (Điều 184–211): Nhà nước quy định trình tự, thủ tục giải quyết tranh chấp lao động cá nhân và tranh chấp lao động tập thể thông qua **hòa giải, trọng tài, tòa án**, ưu tiên giải quyết bằng **hòa giải**.

---

### **3. Chính sách phát triển thị trường lao động linh hoạt, hiệu quả và bền vững**

Nhà nước có trách nhiệm xây dựng, phát triển thị trường lao động thông qua các chính sách vĩ mô.

- **Phát triển dịch vụ việc làm** (Điều 42–49): Hỗ trợ người lao động tìm việc làm, học nghề, tư vấn, giới thiệu việc làm; khuyến khích doanh nghiệp dịch vụ việc làm hoạt động minh bạch.
- **Đào tạo, bồi dưỡng, nâng cao chất lượng nguồn nhân lực** (Điều 59–69): Khuyến khích người lao động học nghề, nâng cao tay nghề; người sử dụng lao động có trách nhiệm đào tạo định hướng, đào tạo lại khi cần.
- **Quản lý lao động làm việc ở nước ngoài** (Điều 150–159): Bảo vệ quyền lợi người lao động đi làm việc ở nước ngoài theo hợp đồng; quản lý chặt chẽ hoạt động đưa người đi làm việc ở nước ngoài.

---

### **4. Chính sách về an sinh xã hội và bảo hiểm xã hội**

Bảo đảm an sinh cho người lao động khi gặp rủi ro trong lao động.

- **Thực hiện bảo hiểm xã hội bắt buộc** (Điều 116–119): Người sử dụng lao động và người lao động phải tham gia bảo hiểm xã hội, bảo hiểm thất nghiệp, bảo hiểm tai nạn lao động, bệnh nghề nghiệp.
- **Chế độ nghỉ việc riêng, nghỉ việc không hưởng lương** (Điều 113): Người lao động được nghỉ việc riêng mà vẫn hưởng nguyên lương trong một số trường hợp như: kết hôn, hiếu, hỉ của bản thân hoặc người thân.

---

### **5. Chính sách đối với người sử dụng lao động**

Nhà nước cũng có chính sách hỗ trợ, tạo điều kiện cho người sử dụng lao động hoạt động hiệu quả, tuân thủ pháp luật.

- **Tạo điều kiện thuận lợi trong quản lý lao động** (Điều 4–5): Khuyến khích người sử dụng lao động xây dựng nội quy, quy chế làm việc minh bạch, dân chủ.
- **Hỗ trợ đào tạo, duy trì việc làm** (Điều 68): Nhà nước có chính sách hỗ trợ doanh nghiệp đào tạo lại lao động, duy trì việc làm trong thời kỳ khủng hoảng, suy thoái.
- **Khuyến khích tạo việc làm, phát triển sản xuất kinh doanh** (Điều 43): Hỗ trợ doanh nghiệp nhỏ và vừa, hợp tác xã, khu công nghiệp trong việc tuyển dụng và sử dụng lao động.

---

### **Kết luận**

Các chính sách lao động trong **Bộ luật Lao động 2019** thể hiện sự **cân bằng lợi ích** giữa người lao động và người sử dụng lao động, đồng thời hướng tới mục tiêu **phát triển thị trường lao động hiện đại, minh bạch và bền vững**. Các quy định pháp luật không chỉ bảo vệ quyền lợi người lao động mà còn tạo hành lang pháp lý rõ ràng, ổn định cho doanh nghiệp hoạt động hiệu quả.

> **Cơ sở pháp lý chính**: Bộ luật Lao động số 45/2019/QH14, có hiệu lực từ 01/01/2021.",
"Bảo vệ bí mật trong lao động: Tổng hợp các quy định về quyền thỏa thuận, nội dung cần có trong thỏa thuận bảo vệ bí mật kinh doanh/công nghệ và quy trình xử lý bồi thường khi có vi phạm theo Thông tư 10/2020/TT-BLĐTBXH",[],"Việc bảo vệ bí mật trong lao động, đặc biệt là bí mật kinh doanh và bí mật công nghệ, được quy định cụ thể trong Bộ luật Lao động 2019 và các văn bản hướng dẫn thi hành, trong đó có **Thông tư 10/2020/TT-BLĐTBXH** ngày 16/12/2020 của Bộ Lao động - Thương binh và Xã hội hướng dẫn một số điều của Bộ luật Lao động về **thỏa ước lao động tập thể, hợp đồng lao động, kỷ luật lao động, trách nhiệm vật chất**.

Dưới đây là tổng hợp các quy định liên quan đến **bảo vệ bí mật trong lao động**, bao gồm quyền thỏa thuận, nội dung thỏa thuận bảo vệ bí mật kinh doanh/công nghệ và quy trình xử lý bồi thường khi có vi phạm theo Thông tư 10/2020/TT-BLĐTBXH và các quy định pháp luật liên quan:

---

### 1. **Quyền thỏa thuận về bảo vệ bí mật trong hợp đồng lao động**

Theo **Điều 20 Bộ luật Lao động 2019**, người sử dụng lao động có quyền thỏa thuận với người lao động về việc bảo vệ bí mật kinh doanh, bí mật công nghệ, tài sản trí tuệ trong hợp đồng lao động hoặc thỏa thuận riêng.

> **Khoản 1 Điều 20 BLLĐ 2019**:  
> *""Người sử dụng lao động có quyền thỏa thuận với người lao động về việc bảo vệ bí mật kinh doanh, bí mật công nghệ, sở hữu trí tuệ trong hợp đồng lao động hoặc thỏa thuận riêng.""*

Thông tư 10/2020/TT-BLĐTBXH không quy định chi tiết nội dung này mà hướng dẫn thực hiện các điều khoản của Bộ luật Lao động, do đó việc thỏa thuận này phải tuân thủ theo quy định của Bộ luật Lao động và các văn bản liên quan như Luật Sở hữu trí tuệ, Luật Cạnh tranh.

---

### 2. **Nội dung cần có trong thỏa thuận bảo vệ bí mật kinh doanh/công nghệ**

Thông tư 10/2020/TT-BLĐTBXH không liệt kê cụ thể nội dung bắt buộc của thỏa thuận bảo vệ bí mật, nhưng căn cứ vào **Điều 20 BLLĐ 2019** và thực tiễn pháp lý, một thỏa thuận bảo vệ bí mật (có thể là điều khoản trong hợp đồng lao động hoặc phụ lục hợp đồng) cần có các nội dung sau:

#### a) **Xác định rõ đối tượng bí mật**
- Danh mục thông tin được coi là bí mật kinh doanh, bí mật công nghệ (ví dụ: công thức sản xuất, quy trình kỹ thuật, dữ liệu khách hàng, chiến lược kinh doanh...).
- Điều kiện để thông tin được coi là bí mật: chưa công khai, có giá trị kinh tế, được bảo vệ bằng các biện pháp hợp lý (theo **Điều 5 Luật Cạnh tranh 2018**).

#### b) **Nghĩa vụ của người lao động**
- Không tiết lộ, sử dụng, sao chép, chuyển giao thông tin bí mật cho bên thứ ba khi chưa được phép.
- Bảo quản tài liệu, dữ liệu liên quan đến bí mật.
- Trả lại hoặc tiêu hủy thông tin bí mật khi chấm dứt hợp đồng lao động.

#### c) **Thời hạn bảo mật**
- Có thể kéo dài sau khi chấm dứt hợp đồng lao động (thường từ 1 đến 3 năm, tùy tính chất công việc).
- Thời hạn này phải được ghi rõ trong thỏa thuận.

#### d) **Hình thức thỏa thuận**
- Phải được lập thành văn bản (theo **Khoản 1 Điều 21 BLLĐ 2019** về hình thức hợp đồng lao động và thỏa thuận kèm theo).

#### e) **Hậu quả pháp lý khi vi phạm**
- Xử lý kỷ luật lao động (nếu còn trong thời gian làm việc).
- Trách nhiệm bồi thường thiệt hại (nếu gây thiệt hại cho người sử dụng lao động).

---

### 3. **Quy trình xử lý bồi thường khi có vi phạm**

Thông tư 10/2020/TT-BLĐTBXH hướng dẫn chi tiết về **trách nhiệm vật chất** của người lao động tại **Chương V**, cụ thể:

#### a) **Căn cứ xử lý bồi thường**
- Người lao động gây thiệt hại do hành vi vi phạm nghĩa vụ bảo vệ bí mật (tiết lộ, sử dụng trái phép thông tin).
- Thiệt hại phải được chứng minh là có thật và có mối quan hệ nhân quả với hành vi vi phạm.

> **Điều 129 Bộ luật Lao động 2019**:  
> *""Người lao động có hành vi vi phạm gây thiệt hại về vật chất cho người sử dụng lao động thì phải bồi thường theo quy định của pháp luật.""*

#### b) **Mức bồi thường**
- Theo **Khoản 1 Điều 130 BLLĐ 2019**: Nếu thiệt hại không quá 10 tháng lương tối thiểu vùng, hai bên có thể thỏa thuận mức bồi thường.
- Nếu thiệt hại vượt quá 10 tháng lương tối thiểu vùng, phải giải quyết thông qua **Tòa án**.

> **Điều 27 Thông tư 10/2020/TT-BLĐTBXH** hướng dẫn:  
> *""Trường hợp mức thiệt hại vượt quá 10 tháng mức lương tối thiểu vùng, người sử dụng lao động phải yêu cầu cơ quan có thẩm quyền giải quyết theo quy định của pháp luật tố tụng dân sự.""*

#### c) **Quy trình xử lý nội bộ trước khi bồi thường**
Theo Thông tư 10/2020/TT-BLĐTBXH, người sử dụng lao động cần thực hiện các bước sau:
1. **Lập biên bản vi phạm** (theo mẫu tại Phụ lục 07 của Thông tư).
2. **Xác định mức độ thiệt hại** bằng chứng từ, tài liệu (hóa đơn, báo cáo tài chính, định giá...).
3. **Thảo luận, thương lượng với người lao động** về mức bồi thường (nếu thiệt hại ≤ 10 tháng lương tối thiểu vùng).
4. **Ra quyết định xử lý trách nhiệm vật chất** (theo mẫu tại Phụ lục 08 Thông tư).
5. **Trích tiền bồi thường từ lương** (nếu có thỏa thuận hoặc quyết định) nhưng không quá 30% tiền lương/tháng (theo **Khoản 3 Điều 102 BLLĐ 2019**).

> **Điều 26 Thông tư 10/2020/TT-BLĐTBXH** quy định chi tiết trình tự, thủ tục xử lý trách nhiệm vật chất.

---

### 4. **Lưu ý quan trọng**

- **Không được áp dụng hình phạt tiền** như một hình thức kỷ luật lao động. Bồi thường thiệt hại là **trách nhiệm dân sự**, không phải hình thức kỷ luật.
- Thỏa thuận bảo mật **phải hợp lý**, không được hạn chế quá mức quyền tìm việc làm của người lao động (tránh vi phạm **Điều 3 Luật Cạnh tranh** về hạn chế cạnh tranh).
- Nếu không có thỏa thuận bằng văn bản, việc yêu cầu bồi thường có thể không được Tòa án công nhận.

---

### Kết luận

Theo **Thông tư 10/2020/TT-BLĐTBXH** và **Bộ luật Lao động 2019**:

- Người sử dụng lao động **có quyền thỏa thuận** với người lao động về bảo vệ bí mật kinh doanh, công nghệ.
- Thỏa thuận phải **bằng văn bản**, nêu rõ nội dung bí mật, nghĩa vụ, thời hạn, hậu quả vi phạm.
- Khi có vi phạm gây thiệt hại, người lao động phải **bồi thường** theo quy định tại **Điều 129, 130 BLLĐ 2019** và **Điều 26, 27 Thông tư 10/2020/TT-BLĐTBXH**.
- Quy trình xử lý bao gồm: lập biên bản, xác định thiệt hại, thương lượng, ra quyết định bồi thường, trích lương (nếu cần) hoặc khởi kiện tại Tòa án.

---

**Tài liệu tham khảo**:
- Bộ luật Lao động 2019 (Luật số 45/2019/QH14)
- Thông tư 10/2020/TT-BLĐTBXH ngày 16/12/2020
- Luật Cạnh tranh 2018
- Luật Sở hữu trí tuệ 2005 (sửa đổi, bổ sung 2022)",
"Hệ thống biện pháp khắc phục hậu quả: Dựa trên Nghị định 12/2022/NĐ-CP, hãy tổng hợp các loại hình """"biện pháp khắc phục hậu quả"""" chính mà người sử dụng lao động phải thực hiện khi vi phạm các quy định về hợp đồng, tiền lương và bảo hiểm xã hội",[],"Dựa trên **Nghị định 12/2022/NĐ-CP** ngày 17 tháng 02 năm 2022 của Chính phủ quy định về xử phạt vi phạm hành chính trong lĩnh vực lao động, bảo hiểm xã hội và đưa người lao động Việt Nam đi làm việc ở nước ngoài theo hợp đồng (sửa đổi, bổ sung bởi các nghị định sau, nếu có, nhưng căn cứ chính là Nghị định 12/2022), các **biện pháp khắc phục hậu quả** mà người sử dụng lao động phải thực hiện khi vi phạm các quy định về **hợp đồng lao động, tiền lương và bảo hiểm xã hội** được quy định cụ thể tại **Chương IV – Biện pháp khắc phục hậu quả** của Nghị định này.

Dưới đây là tổng hợp các loại hình **biện pháp khắc phục hậu quả** chính:

---

### **1. Buộc trả đủ tiền lương cho người lao động (Điều 27, Điều 28, Điều 30)**
- **Áp dụng khi**: Người sử dụng lao động chậm trả, trả không đủ tiền lương, hoặc không trả lương trong thời gian ngừng việc.
- **Biện pháp khắc phục**:  
  ➤ **Buộc trả đủ tiền lương** cho người lao động theo quy định của pháp luật (Điều 27, Khoản 4 Điều 28, Khoản 4 Điều 30).

---

### **2. Buộc ký kết hợp đồng lao động bằng văn bản (Điều 25)**
- **Áp dụng khi**: Người sử dụng lao động không ký hợp đồng lao động bằng văn bản với người lao động mà pháp luật yêu cầu phải ký.
- **Biện pháp khắc phục**:  
  ➤ **Buộc ký kết hợp đồng lao động bằng văn bản** theo đúng quy định của Bộ luật Lao động (Điều 25, Khoản 3).

---

### **3. Buộc hoàn trả chi phí đào tạo cho người lao động (Điều 26)**
- **Áp dụng khi**: Người sử dụng lao động buộc người lao động hoàn trả chi phí đào tạo trái quy định.
- **Biện pháp khắc phục**:  
  ➤ **Buộc hoàn trả toàn bộ chi phí đào tạo** đã thu của người lao động (Điều 26, Khoản 3).

---

### **4. Buộc đóng bảo hiểm xã hội, bảo hiểm thất nghiệp, bảo hiểm y tế cho người lao động (Điều 23, Điều 24)**
- **Áp dụng khi**: Người sử dụng lao động không đóng, đóng không đúng, không đủ hoặc đóng chậm bảo hiểm xã hội, bảo hiểm y tế, bảo hiểm thất nghiệp cho người lao động.
- **Biện pháp khắc phục**:  
  ➤ **Buộc đóng đủ số tiền bảo hiểm xã hội, bảo hiểm y tế, bảo hiểm thất nghiệp** còn thiếu cho người lao động.  
  ➤ **Buộc đóng cả tiền lãi** theo mức lãi suất chậm đóng bảo hiểm xã hội theo quy định của pháp luật (Điều 23, Khoản 3; Điều 24, Khoản 3).

---

### **5. Buộc chi trả tiền bảo hiểm xã hội, bảo hiểm thất nghiệp cho người lao động (Điều 23)**
- **Áp dụng khi**: Người sử dụng lao động đã nhận tiền bảo hiểm từ người lao động nhưng không đóng vào quỹ.
- **Biện pháp khắc phục**:  
  ➤ **Buộc chi trả số tiền bảo hiểm** đã trừ của người lao động nhưng không đóng vào quỹ (Điều 23, Khoản 4).

---

### **6. Buộc trả khoản tiền do vi phạm thời hạn trả lương (Điều 27)**
- **Áp dụng khi**: Trả lương chậm từ 15 ngày trở lên.
- **Biện pháp khắc phục**:  
  ➤ **Buộc trả thêm một khoản tiền** cho người lao động bằng ít nhất 01 lần mức lương tối thiểu vùng theo thời gian bị chậm trả (Điều 27, Khoản 5).

---

### **7. Buộc khôi phục lại tình trạng ban đầu (nếu có) (Điều 4, Luật Xử lý vi phạm hành chính)**
- Mặc dù không quy định cụ thể trong Nghị định 12/2022, nhưng theo **Điều 4 Luật Xử lý vi phạm hành chính 2012 (sửa đổi 2020)**, biện pháp khắc phục hậu quả có thể bao gồm:  
  ➤ **Buộc khôi phục lại tình trạng ban đầu**.  
  ➤ Áp dụng trong các trường hợp vi phạm ảnh hưởng đến quyền lợi của người lao động mà cần khôi phục (ví dụ: sa thải trái pháp luật, đơn phương chấm dứt hợp đồng trái luật).

---

### **Tóm tắt bảng tổng hợp:**

| **Hành vi vi phạm** | **Biện pháp khắc phục hậu quả** | **Căn cứ pháp lý** |
|----------------------|----------------------------------|-------------------|
| Không ký HĐLĐ bằng văn bản | Buộc ký HĐLĐ bằng văn bản | Điều 25, Khoản 3 |
| Trả lương không đủ, chậm trả | Buộc trả đủ lương + trả thêm ít nhất 01 lần lương tối thiểu vùng | Điều 27, Khoản 4, 5 |
| Không đóng BHXH, BHYT, BHTN | Buộc đóng đủ + tiền lãi chậm đóng | Điều 23, 24 |
| Trừ tiền BHXH của NLĐ nhưng không đóng | Buộc trả lại tiền cho NLĐ | Điều 23, Khoản 4 |
| Thu tiền đào tạo trái quy định | Buộc hoàn trả chi phí đào tạo | Điều 26, Khoản 3 |

---

### **Lưu ý:**
- Các biện pháp khắc phục hậu quả **được áp dụng đồng thời** với hình thức xử phạt chính (phạt tiền).
- Việc áp dụng biện pháp khắc phục hậu quả nhằm **bảo vệ quyền lợi hợp pháp của người lao động** và khôi phục trật tự pháp luật lao động.

---

**Tài liệu tham khảo chính**:
- **Nghị định 12/2022/NĐ-CP** (có hiệu lực từ 01/4/2022).
- **Bộ luật Lao động 2019**.
- **Luật Bảo hiểm xã hội 2014**.
- **Luật Xử lý vi phạm hành chính 2012 (sửa đổi 2020)**.",
"Quản lý lao động từ phía doanh nghiệp: Theo Nghị định 145/2020/NĐ-CP, hãy khái quát toàn bộ trách nhiệm của doanh nghiệp trong việc lập sổ quản lý lao động và thực hiện các báo cáo định kỳ về thay đổi lao động đến cơ quan chức năng",[],"Theo **Nghị định 145/2020/NĐ-CP** ngày 14 tháng 12 năm 2020 của Chính phủ quy định về **điều kiện lao động và quan hệ lao động**, doanh nghiệp có các trách nhiệm cụ thể trong việc **lập sổ quản lý lao động** và **thực hiện báo cáo định kỳ về thay đổi lao động** đến cơ quan chức năng. Dưới đây là khái quát toàn bộ trách nhiệm theo quy định:

---

### **1. Trách nhiệm lập sổ quản lý lao động**

**Điều 9, Khoản 1** của Nghị định 145/2020/NĐ-CP quy định:

> *""Người sử dụng lao động có trách nhiệm lập sổ quản lý lao động để ghi chép, cập nhật thông tin về người lao động làm việc tại doanh nghiệp.""*

**Nội dung sổ quản lý lao động phải bao gồm**:
- Họ tên, ngày tháng năm sinh, giới tính, số CMND/CCCD, địa chỉ thường trú, tạm trú của người lao động.
- Ngày bắt đầu làm việc, vị trí công việc, chức danh, bộ phận làm việc.
- Loại hợp đồng lao động (xác định thời hạn, không xác định thời hạn, theo mùa vụ...), thời hạn hợp đồng.
- Tiền lương, hình thức trả lương, thời gian làm việc, thời gian nghỉ ngơi.
- Các thay đổi trong quá trình làm việc (nâng lương, thay đổi chức danh, tạm hoãn hợp đồng, chấm dứt hợp đồng...).

> Sổ quản lý lao động có thể được **lưu trữ dưới hình thức giấy hoặc điện tử**, nhưng phải đảm bảo **đầy đủ, chính xác, kịp thời** và **lưu giữ theo quy định của pháp luật về lưu trữ**.

---

### **2. Trách nhiệm báo cáo định kỳ về thay đổi lao động**

**Điều 9, Khoản 2** quy định:

> *""Người sử dụng lao động có trách nhiệm báo cáo định kỳ về tình hình thay đổi lao động đến cơ quan quản lý nhà nước về lao động cấp huyện nơi đặt trụ sở chính hoặc nơi đăng ký kinh doanh.""*

**Cụ thể**:
- **Thời gian báo cáo**: Trước ngày **05 hàng tháng**.
- **Nội dung báo cáo**: Tình hình **tăng, giảm lao động** trong tháng trước đó (bao gồm: tuyển dụng mới, chấm dứt hợp đồng, nghỉ việc, điều chuyển...).
- **Hình thức báo cáo**: Có thể thực hiện **trực tuyến** hoặc **trực tiếp** theo hướng dẫn của cơ quan lao động cấp huyện.
- **Cơ sở dữ liệu**: Báo cáo này là cơ sở để cập nhật vào **cơ sở dữ liệu quốc gia về lao động**.

> Trường hợp doanh nghiệp có **nhiều cơ sở** tại các địa phương khác nhau, thì phải **báo cáo riêng theo từng địa điểm** đến cơ quan lao động cấp huyện nơi cơ sở đó đặt trụ sở.

---

### **3. Trách nhiệm chung và xử lý vi phạm**

- Doanh nghiệp phải **chịu trách nhiệm về tính chính xác, trung thực** của thông tin trong sổ quản lý lao động và báo cáo gửi cơ quan nhà nước.
- Việc không lập sổ, lập sai, hoặc không báo cáo đúng hạn có thể bị xử lý theo **quy định tại Nghị định 12/2022/NĐ-CP** về xử phạt vi phạm hành chính trong lĩnh vực lao động (ví dụ: phạt tiền từ **2 đến 25 triệu đồng** tùy theo hành vi vi phạm – theo Điều 15, 16, 17 Nghị định 12/2022/NĐ-CP).

---

### **Tóm tắt trách nhiệm của doanh nghiệp:**

| Nội dung | Trách nhiệm |
|--------|------------|
| **Lập sổ quản lý lao động** | Bắt buộc, ghi đầy đủ thông tin người lao động, lưu trữ đúng quy định (Điều 9, Khoản 1) |
| **Cập nhật thay đổi** | Ghi chép kịp thời các thay đổi trong quá trình làm việc |
| **Báo cáo định kỳ** | Trước ngày 05 hàng tháng, báo cáo tình hình tăng, giảm lao động đến cơ quan lao động cấp huyện (Điều 9, Khoản 2) |
| **Hình thức** | Giấy hoặc điện tử, ưu tiên báo cáo qua cổng dịch vụ công |
| **Xử lý vi phạm** | Bị xử phạt hành chính nếu không thực hiện hoặc thực hiện sai |

---

### **Kết luận:**

Theo **Nghị định 145/2020/NĐ-CP**, doanh nghiệp **phải lập và duy trì sổ quản lý lao động**, đồng thời **báo cáo định kỳ hàng tháng** về tình hình biến động lao động đến cơ quan quản lý nhà nước về lao động cấp huyện. Đây là nghĩa vụ pháp lý nhằm giúp Nhà nước quản lý thị trường lao động hiệu quả, bảo đảm quyền lợi người lao động và tuân thủ pháp luật lao động.",
"Hệ thống Bảo hiểm xã hội đa tầng: Dựa trên Luật Bảo hiểm xã hội (VBHN), hãy khái quát cấu trúc hệ thống BHXH của Việt Nam bao gồm các loại hình trợ cấp hưu trí xã hội, BHXH bắt buộc, tự nguyện và hưu trí bổ sung",[],"Dựa trên **Luật Bảo hiểm xã hội Việt Nam (văn bản hợp nhất - VBHN) năm 2016**, hệ thống Bảo hiểm xã hội (BHXH) của Việt Nam được tổ chức theo mô hình **đa tầng**, bao gồm các loại hình chính nhằm đảm bảo an sinh xã hội toàn diện cho người lao động và người dân. Cấu trúc hệ thống BHXH Việt Nam gồm các tầng chính sau:

---

### **1. Bảo hiểm xã hội bắt buộc**  
*(Theo Điều 2, Luật BHXH VBHN 2016)*

Là loại hình BHXH do Nhà nước tổ chức, **bắt buộc** đối với người lao động và người sử dụng lao động tham gia. Đây là trụ cột chính của hệ thống BHXH.

**Đối tượng tham gia:**
- Người lao động làm việc theo hợp đồng lao động từ đủ 3 tháng trở lên.
- Cán bộ, công chức, viên chức.
- Sĩ quan, quân nhân chuyên nghiệp, công an, người làm công tác cơ yếu.
- Người quản lý doanh nghiệp, người quản lý điều hành hợp tác xã có hưởng tiền lương.

**Chế độ được hưởng:**
- **Hưu trí** (Điều 54 - 73)
- **Tử tuất** (Điều 74 - 84)
- **Ốm đau** (Điều 25 - 28)
- **Thai sản** (Điều 34 - 41)
- **Tai nạn lao động, bệnh nghề nghiệp** (Điều 42 - 51)
- **Chế độ trợ cấp một lần khi nghỉ việc** (nếu có)

**Nguyên tắc:**  
Đóng - hưởng, có sự chia sẻ rủi ro giữa người lao động, người sử dụng lao động và Nhà nước.

---

### **2. Bảo hiểm xã hội tự nguyện**  
*(Theo Điều 3, Luật BHXH VBHN 2016)*

Là loại hình BHXH **không bắt buộc**, dành cho người lao động không thuộc đối tượng tham gia BHXH bắt buộc.

**Đối tượng tham gia:**
- Người từ đủ 15 tuổi trở lên.
- Không thuộc đối tượng tham gia BHXH bắt buộc.
- Tự nguyện tham gia để hưởng chế độ hưu trí và tử tuất.

**Chế độ được hưởng:**
- **Hưu trí** (Điều 73)
- **Tử tuất** (Điều 83)

**Ưu điểm:**
- Linh hoạt về mức đóng, phương thức đóng (theo tháng, quý, năm, một lần cho nhiều năm).
- Nhà nước có **hỗ trợ tiền đóng** cho người tham gia (theo Nghị định 134/2015/NĐ-CP và các văn bản hướng dẫn).

---

### **3. Trợ cấp hưu trí xã hội (hỗ trợ hưu trí ngoài BHXH)**  
*(Theo quy định tại Luật Người cao tuổi, Luật An toàn, an sinh xã hội và các chính sách hỗ trợ của Chính phủ)*

Không phải là chế độ BHXH theo Luật BHXH, nhưng là **tầng an sinh xã hội cơ bản** dành cho người cao tuổi không có điều kiện tham gia BHXH.

**Đối tượng:**
- Người từ đủ 80 tuổi trở lên không có lương hưu, trợ cấp BHXH hàng tháng.
- Người từ 60 tuổi trở lên ở vùng có điều kiện kinh tế - xã hội đặc biệt khó khăn (theo quy định).

**Mức hỗ trợ:**
- Trợ cấp hàng tháng do ngân sách nhà nước chi trả.
- Ví dụ: Trợ cấp người cao tuổi theo Nghị định 20/2021/NĐ-CP.

**Ý nghĩa:**  
Đảm bảo an sinh tối thiểu cho người cao tuổi không có thu nhập ổn định.

---

### **4. Hưu trí bổ sung (Bảo hiểm hưu trí tự nguyện - tiền lương hưu bổ sung)**  
*(Theo Luật Kinh doanh bảo hiểm 2022 và Luật BHXH)*

Là **tầng cao hơn**, mang tính **tự nguyện, thị trường**, nhằm nâng cao mức sống khi về hưu.

**Hình thức:**
- **Quỹ hưu trí tự nguyện** (theo Nghị định 108/2021/NĐ-CP).
- **Bảo hiểm hưu trí tư nhân** do các công ty bảo hiểm cung cấp.

**Đặc điểm:**
- Người lao động và/hoặc người sử dụng lao động đóng góp tự nguyện.
- Được đầu tư sinh lời, hưởng lương hưu bổ sung ngoài lương hưu từ BHXH.
- Có ưu đãi thuế (theo quy định tại Luật Thuế thu nhập cá nhân).

---

### **Tổng kết: Cấu trúc hệ thống BHXH đa tầng của Việt Nam**

| **Tầng** | **Loại hình** | **Tính chất** | **Cơ sở pháp lý chính** |
|---------|----------------|----------------|--------------------------|
| 1 | Trợ cấp hưu trí xã hội | Hỗ trợ an sinh cơ bản | Luật Người cao tuổi, chính sách an sinh |
| 2 | BHXH tự nguyện | Tự nguyện, Nhà nước hỗ trợ | Luật BHXH Điều 3, 73, 83 |
| 3 | BHXH bắt buộc | Bắt buộc, đóng - hưởng | Luật BHXH Điều 2, các chế độ từ Điều 25 trở đi |
| 4 | Hưu trí bổ sung | Tự nguyện, thị trường | Luật Kinh doanh BH, Nghị định 108/2021 |

---

### **Kết luận:**
Hệ thống BHXH Việt Nam theo mô hình **đa tầng** nhằm đảm bảo an sinh xã hội **từ cơ bản đến nâng cao**, phù hợp với điều kiện kinh tế - xã hội và khả năng tham gia của người dân. Mỗi tầng có vai trò riêng, bổ trợ lẫn nhau, hướng tới mục tiêu **bảo đảm cuộc sống ổn định khi về già, khi mất khả năng lao động hoặc qua đời**.",
"Chính sách hưởng BHXH một lần: Khái quát các điều kiện, trường hợp cụ thể mà người lao động (cả bắt buộc và tự nguyện) được quyền yêu cầu nhận bảo hiểm xã hội một lần theo Luật Bảo hiểm xã hội",[],"Theo quy định tại **Luật Bảo hiểm xã hội năm 2014** (sửa đổi, bổ sung bởi **Luật số 35/2018/QH14**), người lao động có thể được hưởng **trợ cấp bảo hiểm xã hội một lần** trong các trường hợp cụ thể. Dưới đây là khái quát các điều kiện và trường hợp được hưởng BHXH một lần theo quy định pháp luật hiện hành:

---

### **1. Căn cứ pháp lý**
- **Điều 60, Luật Bảo hiểm xã游戏副本
",
"Quy trình sử dụng chuyên gia nước ngoài: Theo Nghị định 70/2023/NĐ-CP, hãy khái quát lộ trình từ khâu thông báo tuyển dụng người Việt Nam, giải trình nhu cầu sử dụng đến việc cấp giấy phép lao động cho chuyên gia nước ngoài",[],"Theo **Nghị định 70/2023/NĐ-CP** ngày 16/9/2023 của Chính phủ quy định về quản lý lao động, tiền lương, tiền thưởng đối với người quản lý và người lao động làm việc tại doanh nghiệp, tổ chức tài chính, tín dụng, bảo hiểm, cùng với các quy định liên quan đến việc sử dụng lao động nước ngoài (được hướng dẫn cụ thể tại **Nghị định 152/2020/NĐ-CP** và các văn bản sửa đổi, bổ sung, trong đó có **Nghị định 149/2021/NĐ-CP**), quy trình sử dụng chuyên gia nước ngoài tại Việt Nam bao gồm các bước chính sau:

---

### **1. Thông báo tuyển dụng lao động Việt Nam (Điều 8, Nghị định 152/2020/NĐ-CP)**

Trước khi tuyển dụng lao động nước ngoài, doanh nghiệp **phải thông báo** về nhu cầu tuyển dụng lao động Việt Nam vào vị trí cần sử dụng chuyên gia nước ngoài, trừ các trường hợp được miễn (ví dụ: người nước ngoài là cổ đông, thành viên góp vốn, người quản lý doanh nghiệp…).

- **Nội dung thông báo**: Vị trí, số lượng, yêu cầu công việc, điều kiện làm việc, mức lương.
- **Hình thức thông báo**: Đăng trên Cổng thông tin điện tử của Sở Lao động - Thương binh và Xã hội nơi doanh nghiệp đặt trụ sở chính hoặc chi nhánh, hoặc trên trang web của doanh nghiệp (nếu có).
- **Thời gian thông báo**: Tối thiểu **30 ngày** trước khi nộp hồ sơ xin cấp giấy phép lao động.

> **Lưu ý**: Nếu không tuyển được lao động Việt Nam phù hợp, doanh nghiệp mới được xem xét sử dụng lao động nước ngoài.

---

### **2. Giải trình nhu cầu sử dụng lao động nước ngoài (Điều 8, Nghị định 152/2020/NĐ-CP)**

Doanh nghiệp phải **lập văn bản giải trình** về nhu cầu sử dụng lao động nước ngoài, trong đó nêu rõ:

- Lý do không tuyển được lao động Việt Nam (dù đã thông báo tuyển dụng).
- Vị trí công việc, tính chất công việc, yêu cầu chuyên môn, kỹ năng đặc biệt.
- Thời gian sử dụng lao động nước ngoài.
- Cam kết đào tạo chuyển giao công nghệ, kỹ năng cho lao động Việt Nam (nếu có).

> Văn bản này là **căn cứ để cơ quan quản lý cấp phép** xem xét, đánh giá tính hợp lý của việc sử dụng chuyên gia nước ngoài.

---

### **3. Nộp hồ sơ xin cấp giấy phép lao động (Điều 10, Nghị định 152/2020/NĐ-CP)**

Doanh nghiệp nộp hồ sơ tại **Sở Lao động - Thương binh và Xã hội** nơi doanh nghiệp đặt trụ sở hoặc nơi chuyên gia làm việc.

**Hồ sơ bao gồm**:
- Đơn đề nghị cấp giấy phép lao động (theo mẫu).
- Văn bản giải trình nhu cầu sử dụng lao động nước ngoài.
- Bản sao hộ chiếu còn giá trị.
- Văn bản chấp thuận sử dụng lao động nước ngoài (nếu thuộc trường hợp phải xin chấp thuận trước – theo Điều 7, Nghị định 152).
- Giấy tờ chứng minh năng lực chuyên môn (bằng cấp, chứng chỉ, kinh nghiệm làm việc).
- Giấy khám sức khỏe (theo quy định).
- 02 ảnh 4x6 cm.

> **Lưu ý**: Một số trường hợp **không cần giấy phép lao động** (theo Điều 7, Nghị định 152), ví dụ: thành viên góp vốn, cổ đông, luật sư nước ngoài hành nghề tại Việt Nam theo giấy phép, người vào làm việc dưới 3 tháng, v.v.

---

### **4. Cơ quan có thẩm quyền xử lý và cấp giấy phép (Điều 11, Nghị định 152/2020/NĐ-CP)**

- **Thời hạn giải quyết**: Tối đa **15 ngày làm việc** kể từ ngày nhận đủ hồ sơ.
- **Cơ quan cấp**: Sở Lao động - Thương binh và Xã hội.
- **Kết quả**: Cấp **Giấy phép lao động** hoặc từ chối bằng văn bản nêu rõ lý do.

---

### **5. Cấp lại, điều chỉnh hoặc gia hạn giấy phép lao động (nếu cần)**

- Khi thay đổi thông tin (vị trí, nơi làm việc, thời hạn…), doanh nghiệp phải làm thủ tục điều chỉnh.
- Trước khi giấy phép hết hạn, có thể xin **gia hạn** nếu vẫn có nhu cầu sử dụng.

---

### **Tóm tắt lộ trình**:

1. **Thông báo tuyển dụng lao động Việt Nam** (tối thiểu 30 ngày).
2. **Lập văn bản giải trình** không tuyển được lao động Việt Nam.
3. **Nộp hồ sơ xin cấp giấy phép lao động** tại Sở LĐTB&XH.
4. **Cơ quan chức năng xem xét, cấp phép** trong vòng 15 ngày làm việc.
5. **Sử dụng chuyên gia nước ngoài** theo đúng nội dung giấy phép.

---

> **Căn cứ pháp lý chính**:
- **Nghị định 152/2020/NĐ-CP** (sửa đổi, bổ sung bởi **Nghị định 149/2021/NĐ-CP** và các văn bản liên quan).
- **Nghị định 70/2023/NĐ-CP** điều chỉnh về quản lý lao động, tiền lương, nhưng **không thay thế** quy định về giấy phép lao động – vẫn áp dụng Nghị định 152/2020/NĐ-CP.

---

Nếu doanh nghiệp không tuân thủ quy trình này, có thể bị xử phạt hành chính hoặc không được cấp phép theo quy định tại **Điều 17, Nghị định 143/2021/NĐ-CP** về xử phạt vi phạm hành chính trong lĩnh vực lao động.",
"Chế độ làm thêm giờ và trả lương: Khái quát các giới hạn về số giờ làm thêm, yêu cầu về sự đồng ý của người lao động và cách tính tiền lương làm thêm giờ tương ứng (ngày thường, ngày nghỉ, ban đêm) dựa trên Bộ luật Lao động 2019 và Nghị định 145/2020/NĐ-CP",[],"Dựa trên **Bộ luật Lao động năm 2019** và **Nghị định 145/2020/NĐ-CP** (quy định chi tiết và hướng dẫn thi hành một số điều của Bộ luật Lao động), dưới đây là khái quát về **chế độ làm thêm giờ và trả lương làm thêm giờ**:

---

### **1. Khái niệm làm thêm giờ (Điều 106, Bộ luật Lao động 2019)**

Làm thêm giờ là **việc người lao động làm việc ngoài thời gian làm việc bình thường** theo quy định của pháp luật, thỏa ước lao động tập thể hoặc nội quy lao động.

---

### **2. Giới hạn số giờ làm thêm**

#### a) **Giới hạn chung (Điều 106, Bộ luật Lao động 2019)**

- **Không quá 50% số giờ làm việc bình thường trong 1 ngày** (nếu làm việc theo ngày).
- **Tổng số giờ làm thêm không quá 40 giờ trong 1 tháng**.
- **Tổng số giờ làm thêm không quá 200 giờ trong 1 năm**.

> **Trường hợp đặc biệt** (sản xuất, gia công hàng xuất khẩu, dệt may, da giày, điện tử, chế biến thủy sản, phần mềm công nghệ thông tin và một số ngành nghề khác do Chính phủ quy định), giới hạn làm thêm có thể lên đến **300 giờ/năm**, nhưng phải được sự **đồng ý của Bộ Lao động - Thương binh và Xã hội** và có sự **thỏa thuận với tổ chức đại diện người lao động tại cơ sở**.

#### b) **Giới hạn đối với người lao động thuộc nhóm dễ bị tổn thương (Điều 106, Khoản 3)**

- **Người dưới 18 tuổi, lao động là người khuyết tật, lao động nữ mang thai**: **không được làm thêm giờ**, trừ một số trường hợp đặc biệt theo quy định của Chính phủ.

---

### **3. Yêu cầu về sự đồng ý của người lao động (Điều 107, Bộ luật Lao động 2019)**

- **Người sử dụng lao động chỉ được yêu cầu người lao động làm thêm giờ khi có sự đồng ý của người lao động**.
- **Không được ép buộc hoặc đe dọa, trù dập người lao động** nếu từ chối làm thêm giờ.

> **Lưu ý**: Việc làm thêm giờ phải được **thỏa thuận bằng văn bản** giữa hai bên (trừ trường hợp quy định tại Khoản 2 Điều 107 – như thiên tai, hỏa hoạn, dịch bệnh…).

---

### **4. Cách tính tiền lương làm thêm giờ (Điều 97, Bộ luật Lao động 2019 và Khoản 22 Điều 1 Nghị định 145/2020/NĐ-CP)**

Tiền lương làm thêm giờ được tính theo **mức lương theo công việc đang làm** (gồm lương cơ bản + phụ cấp lương nếu có), và được **tính thêm theo hệ số** như sau:

| Loại làm thêm | Hệ số lương |
|---------------|-------------|
| **Vào ngày thường** | **Ít nhất bằng 150%** |
| **Vào ngày nghỉ hằng tuần** (theo Điều 110) | **Ít nhất bằng 200%** |
| **Vào ngày lễ, tết, ngày nghỉ có hưởng lương** (theo Điều 112) | **Ít nhất bằng 300%** (chưa kể lương ngày lễ) |

> **Lưu ý**: Nếu làm thêm vào **đêm** (từ 22h đến 6h sáng hôm sau), thì **ngoài hệ số trên, còn được trả thêm ít nhất 30% tiền lương tính theo đơn giá hoặc tiền lương theo công việc vào ban ngày** (Điều 98, Bộ luật Lao động 2019).

---

### **5. Ví dụ minh họa**

Giả sử người lao động có **lương theo giờ là 50.000 đồng**, làm thêm:

- **2 giờ vào ngày thường, ban ngày**:  
  → 2 × 50.000 × 150% = **150.000 đồng**

- **2 giờ vào ngày nghỉ hằng tuần, ban ngày**:  
  → 2 × 50.000 × 200% = **200.000 đồng**

- **2 giờ vào ngày lễ, ban ngày**:  
  → 2 × 50.000 × 300% = **300.000 đồng**

- **2 giờ vào ngày lễ, ban đêm** (từ 22h–24h):  
  → 2 × 50.000 × 300% = 300.000 đồng (lễ)  
  → + 2 × 50.000 × 30% = 30.000 đồng (phụ cấp đêm)  
  → **Tổng: 330.000 đồng**

---

### **6. Quy định về bù giờ (Điều 108, Bộ luật Lao động 2019)**

- Người sử dụng lao động **có thể thỏa thuận để người lao động nghỉ bù** cho thời gian làm thêm giờ, nếu:
  - Làm thêm không quá **1 giờ/ngày** hoặc **vì lý do bất khả kháng**.
  - Thời gian nghỉ bù **ít nhất bằng thời gian làm thêm**.
- Nếu không nghỉ bù, thì phải **trả lương làm thêm giờ theo quy định**.

---

### **Tóm tắt các căn cứ pháp lý chính:**

- **Bộ luật Lao động 2019**: Điều 97, 98, 106, 107, 108, 110, 112.
- **Nghị định 145/2020/NĐ-CP**: Khoản 22 Điều 1 (sửa đổi, bổ sung một số điều của Nghị định hướng dẫn Bộ luật Lao động).

---

Nếu cần tư vấn cụ thể theo từng ngành nghề hoặc trường hợp đặc biệt (như làm việc theo ca, hợp đồng thời vụ…), vui lòng cung cấp thêm thông tin.",
Quản lý hoạt động cho thuê lại lao động: Phân tích các điều kiện cấp phép và ký quỹ đối với doanh nghiệp cho thuê lại tại Nghị định 145/2020/NĐ-CP kết hợp với các nguyên tắc hoạt động và danh mục công việc được phép thuê lại trong Bộ luật Lao động 2019,[],"Việc quản lý hoạt động cho thuê lại lao động tại Việt Nam được điều chỉnh bởi **Bộ luật Lao động năm 2019** và **Nghị định số 145/2020/NĐ-CP** ngày 14/12/2020 của Chính phủ quy định về điều kiện, trình tự, thủ tục cấp phép và quản lý hoạt động cho thuê lại lao động. Dưới đây là phân tích chi tiết về **điều kiện cấp phép**, **ký quỹ**, **nguyên tắc hoạt động** và **danh mục công việc được phép thuê lại** theo các văn bản pháp luật này.

---

### **1. Các điều kiện cấp phép cho doanh nghiệp cho thuê lại lao động (Nghị định 145/2020/NĐ-CP)**

Theo **Điều 5 Nghị định 145/2020/NĐ-CP**, doanh nghiệp muốn hoạt động cho thuê lại lao động phải đáp ứng các điều kiện sau:

#### a) Điều kiện về pháp nhân:
- Là doanh nghiệp được thành lập hợp pháp theo quy định của pháp luật Việt Nam.
- Có ngành, nghề kinh doanh cho thuê lại lao động được ghi trong đăng ký kinh doanh.

#### b) Điều kiện về vốn pháp định:
- Vốn điều lệ tối thiểu là **2 tỷ đồng Việt Nam** (tại thời điểm nộp hồ sơ đề nghị cấp giấy phép).
  > *Căn cứ: Khoản 1 Điều 5 Nghị định 145/2020/NĐ-CP*

#### c) Điều kiện về người quản lý:
- Người đứng đầu doanh nghiệp và người trực tiếp quản lý hoạt động cho thuê lại lao động phải có **trình độ đại học trở lên** và có **chứng chỉ đào tạo về quản lý, cung ứng lao động** do cơ sở đào tạo hợp pháp cấp.
  > *Căn cứ: Khoản 2 Điều 5*

#### d) Điều kiện về trụ sở:
- Có trụ sở ổn định, phù hợp với quy mô hoạt động, được bố trí tại địa điểm theo quy định pháp luật về xây dựng và quy hoạch đô thị.
- Có hệ thống quản lý nhân sự, quản lý hợp đồng, lưu trữ hồ sơ lao động và cơ sở dữ liệu người lao động.

#### e) Điều kiện về hồ sơ pháp lý:
- Đã thực hiện đầy đủ nghĩa vụ tài chính, bảo hiểm xã hội cho người lao động theo quy định.

---

### **2. Ký quỹ đối với doanh nghiệp cho thuê lại lao động**

Theo **Điều 6 Nghị định 145/2020/NĐ-CP**:

- Doanh nghiệp phải thực hiện **ký quỹ** để bảo đảm thực hiện nghĩa vụ với người lao động và người sử dụng lao động.
- **Số tiền ký quỹ**:  
  > **500 triệu đồng** Việt Nam  
  > *Căn cứ: Khoản 1 Điều 6*

- **Tài khoản ký quỹ**:
  - Mở tại ngân hàng thương mại nơi doanh nghiệp đóng trụ sở chính.
  - Không được sử dụng số tiền này cho mục đích khác, trừ các trường hợp:
    - Thanh toán lương, trợ cấp, các quyền lợi khác cho người lao động khi doanh nghiệp vi phạm nghĩa vụ.
    - Bồi thường thiệt hại do vi phạm hợp đồng.
    - Theo quyết định của cơ quan nhà nước có thẩm quyền.

- **Thời điểm ký quỹ**: Trước khi nộp hồ sơ cấp giấy phép hoặc trong thời hạn do cơ quan quản lý nhà nước quy định sau khi được chấp thuận sơ bộ.

---

### **3. Nguyên tắc hoạt động cho thuê lại lao động (Bộ luật Lao động 2019)**

Theo **Điều 53 Bộ luật Lao động năm 2019**, hoạt động cho thuê lại lao động phải tuân thủ các nguyên tắc sau:

#### a) Tính chất tạm thời:
> “Việc thuê lại lao động chỉ được thực hiện đối với **công việc mang tính tạm thời**, **thời hạn không quá 12 tháng**.”  
> *Căn cứ: Khoản 1 Điều 53 BLLĐ 2019*

#### b) Không được sử dụng thay thế người lao động đình công:
> “Không được sử dụng người lao động thuê lại để **thay thế người lao động đang đình công**.”  
> *Khoản 2 Điều 53*

#### c) Đảm bảo quyền lợi người lao động:
> Người lao động thuê lại phải được **đảm bảo các quyền lợi** như người lao động của người sử dụng lao động (về tiền lương, điều kiện làm việc, an toàn lao động, bảo hiểm...), trừ các quyền lợi gắn với tính chất lao động chính thức (như tham gia quản lý doanh nghiệp, bầu cử Ban Chấp hành Công đoàn...).  
> *Khoản 3 Điều 53*

#### d) Người sử dụng lao động chịu trách nhiệm:
> Người sử dụng lao động (bên thuê lại) phải **chịu trách nhiệm liên đới** với doanh nghiệp cho thuê lại lao động trong việc thực hiện nghĩa vụ pháp luật lao động đối với người lao động.  
> *Căn cứ: Khoản 4 Điều 53*

---

### **4. Danh mục công việc được phép thuê lại lao động (Bộ luật Lao động 2019)**

Theo **Khoản 1 Điều 54 Bộ luật Lao động 2019**, chỉ được phép thuê lại lao động trong các công việc sau:

> a) **Làm thay thế người lao động nghỉ ốm, nghỉ thai sản, nghỉ hưu, chết hoặc vì các lý do chính đáng khác**.  
> b) **Thực hiện công việc phát sinh thêm** mà người sử dụng lao động đã sử dụng hết thời gian làm việc bình thường, tăng thời gian làm việc, sử dụng lao động tạm thời, nhưng vẫn chưa đáp ứng được nhu cầu sản xuất, kinh doanh.  

> *Lưu ý*: Danh mục cụ thể do **Chính phủ quy định**, hiện tại được nêu rõ trong **Điều 7 Nghị định 145/2020/NĐ-CP**.

#### Theo **Điều 7 Nghị định 145/2020/NĐ-CP**, danh mục công việc được phép thuê lại bao gồm:
1. Công việc **gián tiếp phục vụ sản xuất, kinh doanh**, như: bảo vệ, vệ sinh, lái xe, giao nhận hàng hóa, phục vụ văn phòng, chăm sóc cây xanh...
2. Công việc **trực tiếp sản xuất, kinh doanh** nhưng **mang tính thời vụ, ngắn hạn**, như: đóng gói, dán nhãn, vận chuyển nội bộ, hỗ trợ sự kiện, kiểm kê hàng hóa...
3. Các công việc **hỗ trợ kỹ thuật, hành chính** khi cần bổ sung nhân sự tạm thời.

> *Không được thuê lại lao động để thực hiện công việc chính, thường xuyên trong đơn vị sản xuất, kinh doanh.*

---

### **5. Trình tự cấp phép (tóm tắt Điều 8 Nghị định 145/2020/NĐ-CP)**

1. Nộp hồ sơ tại **Sở Lao động - Thương binh và Xã hội (LĐTB&XH)** nơi doanh nghiệp đặt trụ sở.
2. Hồ sơ gồm: Đơn đề nghị, bản sao giấy phép kinh doanh, chứng minh vốn điều lệ, chứng chỉ đào tạo, xác nhận ký quỹ, bản kê khai cơ sở vật chất...
3. Sở LĐTB&XH thẩm định trong **15 ngày làm việc**, trình UBND cấp tỉnh quyết định.
4. **Giấy phép cho thuê lại lao động** có thời hạn **05 năm**, có thể gia hạn.

---

### **Kết luận**

Hoạt động cho thuê lại lao động tại Việt Nam được **quản lý chặt chẽ** nhằm bảo vệ quyền lợi người lao động và đảm bảo trật tự thị trường lao động. Các điều kiện về **cấp phép**, **ký quỹ**, **nguyên tắc hoạt động** và **danh mục công việc** được quy định rõ trong **Bộ luật Lao động 2019 (Điều 53, 54)** và **Nghị định 145/2020/NĐ-CP (Điều 5, 6, 7, 8)**. Doanh nghiệp chỉ được phép hoạt động sau khi **được cấp phép**, **đủ vốn**, **ký quỹ 500 triệu đồng**, và chỉ được cung ứng lao động cho **các công việc tạm thời, thời vụ, không thay thế lao động đình công**.

Việc tuân thủ các quy định này là bắt buộc để đảm bảo tính minh bạch, công bằng và pháp lý trong quan hệ lao động tại Việt Nam.",
"Quản lý lao động nước ngoài tại Việt Nam: Khái quát các điều kiện để lao động nước ngoài vào làm việc theo Bộ luật Lao động 2019 và các sửa đổi về thủ tục báo cáo nhu cầu, xác nhận không thuộc diện cấp phép tại Nghị định 70/2023/NĐ-CP",[],"Theo Bộ luật Lao động 2019 và Nghị định 70/2023/NĐ-CP (có hiệu lực từ ngày 15/10/2023), việc quản lý lao động nước ngoài làm việc tại Việt Nam được quy định cụ thể về điều kiện, thủ tục và trách nhiệm của doanh nghiệp. Dưới đây là khái quát các điều kiện để người lao động nước ngoài vào làm việc tại Việt Nam và các sửa đổi liên quan đến báo cáo nhu cầu, xác nhận không thuộc diện cấp giấy phép lao động.

---

### **I. Điều kiện để người lao động nước ngoài làm việc tại Việt Nam (theo Bộ luật Lao động 2019 và Nghị định 152/2020/NĐ-CP, được sửa đổi bởi Nghị định 70/2023/NĐ-CP)**

Theo **Điều 149 Bộ luật Lao động 2019**, người lao động nước ngoài làm việc tại Việt Nam phải đáp ứng **các điều kiện sau**:

1. **Có năng lực hành vi dân sự đầy đủ** theo pháp luật nước nơi người đó thường trú;
2. **Có sức khỏe phù hợp với công việc**;
3. **Là quản lý, giám đốc điều hành, chuyên gia hoặc lao động kỹ thuật**;
4. **Không phải là người phạm tội hoặc bị truy cứu trách nhiệm hình sự** theo pháp luật Việt Nam;
5. **Có giấy phép lao động do cơ quan nhà nước có thẩm quyền của Việt Nam cấp**, **trừ một số trường hợp không thuộc diện cấp giấy phép lao động**.

---

### **II. Các trường hợp **(theo Điều 152 Bộ luật Lao động 2019 và được bổ sung, sửa đổi bởi Nghị định 70/2023/NĐ-CP)

Theo **Điều 152 Bộ luật Lao động 2019**, người lao động nước ngoài **không thuộc diện cấp giấy phép lao động** nếu thuộc một trong các trường hợp sau:

1. Là thành viên góp vốn hoặc chủ sở hữu công ty trách nhiệm hữu hạn tại Việt Nam;
2. Là thành viên Hội đồng quản trị công ty cổ phần tại Việt Nam;
3. Là người vào Việt Nam với thời gian làm việc dưới 3 tháng để thực hiện các nội dung sau:
   - Giảng dạy, hướng dẫn tại cơ sở giáo dục, đào tạo;
   - Khám, chữa bệnh, chữa bệnh bằng y học cổ truyền;
   - Thực hiện các chương trình nghệ thuật biểu diễn;
   - Tư vấn, đánh giá, giám sát, chuyển giao công nghệ, nghiệm thu thiết bị;
   - Đào tạo, hướng dẫn kỹ thuật, công nghệ cho người lao động Việt Nam;
   - Sửa chữa, bảo hành thiết bị, máy móc;
   - Kiểm tra, giám sát chất lượng hàng hóa, dự án đầu tư;
   - Làm việc tại doanh nghiệp chế xuất, khu công nghiệp, khu chế xuất, khu kinh tế (trong thời gian dưới 3 tháng).
4. Là người nước ngoài được bố trí làm việc tại hiện trường ở Việt Nam theo hợp đồng dịch vụ giữa doanh nghiệp trong nước và doanh nghiệp nước ngoài;
5. Là luật sư nước ngoài hành nghề tại Việt Nam theo giấy phép của Bộ Tư pháp;
6. Là người vào làm việc tại Việt Nam dưới 3 tháng để xử lý sự cố kỹ thuật, sự cố công nghệ thông tin, an toàn sản phẩm;
7. Một số trường hợp khác theo quy định của Chính phủ.

> **Lưu ý**: Đối với các trường hợp **không cần giấy phép lao động**, doanh nghiệp vẫn phải **báo cáo và được xác nhận** từ cơ quan quản lý lao động (theo quy định mới tại Nghị định 70/2023/NĐ-CP).

---

### **III. Sửa đổi về thủ tục báo cáo nhu cầu và xác nhận không thuộc diện cấp giấy phép lao động (theo Nghị định 70/2023/NĐ-CP)**

Nghị định 70/2023/NĐ-CP sửa đổi, bổ sung một số điều của Nghị định 152/2020/NĐ-CP quy định chi tiết một số điều của Bộ luật Lao động về người lao động nước ngoài làm việc tại Việt Nam. Các điểm mới quan trọng:

#### 1. **Báo cáo nhu cầu sử dụng lao động nước ngoài**
- Trước đây: Doanh nghiệp phải **báo cáo trước ít nhất 30 ngày** và **được cơ quan có thẩm quyền chấp thuận** mới được tuyển dụng.
- Theo **Nghị định 70/2023/NĐ-CP**, **bỏ thủ tục chấp thuận trước**, thay bằng **thủ tục báo cáo**:
   - Doanh nghiệp **tự đánh giá nhu cầu** sử dụng lao động nước ngoài.
   - **Chỉ cần báo cáo** bằng văn bản hoặc qua cổng thông tin điện tử **trước khi tuyển dụng** (không cần chờ chấp thuận).
   - Báo cáo bao gồm: vị trí công việc, số lượng, thời hạn làm việc, lý do cần lao động nước ngoài, chứng minh đã ưu tiên tuyển người Việt Nam.

> ➤ Căn cứ: **Khoản 1 Điều 3 Nghị định 70/2023/NĐ-CP**, sửa đổi **Điều 8 Nghị định 152/2020/NĐ-CP**.

#### 2. **Xác nhận người lao động nước ngoài không thuộc diện cấp giấy phép lao động**
- Trước đây: Doanh nghiệp phải **gửi hồ sơ đề nghị xác nhận** đến Sở Lao động - Thương binh và Xã hội (LĐTBXH) và **chờ được cấp xác nhận**.
- Theo quy định mới: **Doanh nghiệp tự xác định** và **tự chịu trách nhiệm** nếu người lao động thuộc trường hợp không cần giấy phép lao động.
- **Không cần xin xác nhận** từ Sở LĐTBXH nữa.
- Tuy nhiên, doanh nghiệp phải **lưu trữ hồ sơ chứng minh** người lao động thuộc trường hợp miễn giấy phép (hợp đồng, quyết định bổ nhiệm, thư mời, chương trình làm việc, v.v.).

> ➤ Căn cứ: **Khoản 2 Điều 3 Nghị định 70/2023/NĐ-CP**, sửa đổi **Điều 10 Nghị định 152/2020/NĐ-CP**.

---

### **IV. Tóm tắt thay đổi chính**

| Nội dung | Trước đây | Theo Nghị định 70/2023/NĐ-CP |
|--------|----------|-----------------------------|
| Báo cáo nhu cầu | Phải được **chấp thuận** trước | Chỉ cần **báo cáo**, không cần chấp thuận |
| Xác nhận miễn giấy phép | Phải xin **xác nhận từ Sở LĐTBXH** | **Tự xác định**, tự chịu trách nhiệm |
| Thủ tục hành chính | Rườm rà, mất thời gian | Đơn giản hóa, tạo thuận lợi cho doanh nghiệp |

---

### **Kết luận**

Việc sửa đổi tại **Nghị định 70/2023/NĐ-CP** nhằm **giảm bớt thủ tục hành chính**, tạo điều kiện thuận lợi hơn cho doanh nghiệp trong việc sử dụng lao động nước ngoài, đồng thời vẫn đảm bảo quản lý chặt chẽ thông qua cơ chế **tự báo cáo và tự chịu trách nhiệm**.

Doanh nghiệp cần lưu ý:
- Thực hiện đầy đủ việc **báo cáo nhu cầu** trước khi tuyển dụng.
- **Lưu trữ hồ sơ đầy đủ** để chứng minh người lao động thuộc trường hợp không cần giấy phép lao động.
- Chịu trách nhiệm nếu sử dụng lao động nước ngoài sai quy định.

> **Cơ sở pháp lý chính**:
- Bộ luật Lao động 2019 (Điều 149, 152);
- Nghị định 152/2020/NĐ-CP;
- Nghị định 70/2023/NĐ-CP (sửa đổi, bổ sung Nghị định 152).",
"Kỷ luật lao động và bảo vệ quyền con người: Tổng hợp các hình thức kỷ luật lao động hợp pháp, trình tự thủ tục họp xử lý trong Bộ luật Lao động 2019 và khung xử phạt đối với hành vi xâm phạm thân thể, nhân phẩm người lao động tại Nghị định 12/2022/NĐ-CP",[],"Dưới đây là tổng hợp các quy định pháp luật liên quan đến **kỷ luật lao động**, **trình tự xử lý kỷ luật theo Bộ luật Lao động 2019**, và **khung xử phạt hành vi xâm phạm thân thể, nhân phẩm người lao động** theo **Nghị định 12/2022/NĐ-CP**, nhằm đảm bảo vừa thực hiện kỷ luật đúng pháp luật, vừa bảo vệ quyền con người, quyền và lợi ích hợp pháp của người lao động.

---

### **I. CÁC HÌNH THỨC KỶ LUẬT LAO ĐỘNG HỢP PHÁP THEO BỘ LUẬT LAO ĐỘNG 2019**

Theo **Điều 123 Bộ luật Lao động năm 2019**, các hình thức kỷ luật lao động được áp dụng đối với người lao động vi phạm kỷ luật lao động như sau:

1. **Quyết định khiển trách**;
2. **Kéo dài thời hạn xét nâng lương không quá 06 tháng**;
3. **Cách chức** (đối với người giữ chức vụ quản lý, điều hành);
4. **Sa thải**.

> ⚠️ Lưu ý:  
> - Không được áp dụng nhiều hình thức kỷ luật cùng một lúc đối với một hành vi vi phạm.  
> - Không được sa thải người lao động đang mang thai, nghỉ thai sản, nuôi con dưới 12 tháng tuổi, trừ trường hợp người lao động tự ý nghỉ việc trái pháp luật (Điều 125 BLLĐ 2019).  
> - Không được xử lý kỷ luật quá 01 lần đối với một hành vi vi phạm.

---

### **II. TRÌNH TỰ, THỦ TỤC XỬ LÝ KỶ LUẬT LAO ĐỘNG THEO BỘ LUẬT LAO ĐỘNG 2019**

Căn cứ **Điều 124 Bộ luật Lao động 2019**, trình tự xử lý kỷ luật lao động phải tuân thủ các bước sau:

#### **1. Điều kiện xử lý kỷ luật**
- Người lao động có hành vi vi phạm **kỷ luật lao động** (cố ý vi phạm hợp đồng lao động, nội quy lao động, gây thiệt hại cho người sử dụng lao động).
- Vi phạm phải **còn trong thời hiệu xử lý kỷ luật**:
  - Tối đa **03 tháng** kể từ ngày phát hiện vi phạm (không kể thời gian người lao động ốm đau, tai nạn, nghỉ việc có lý do chính đáng, nghỉ thai sản).
  - Tối đa **12 tháng** đối với hành vi **gian lận, tham ô, tham nhũng, tiết lộ bí mật công nghệ, bí mật kinh doanh, tài chính**.

#### **2. Thủ tục xử lý kỷ luật**
- **Bước 1: Lập biên bản vi phạm kỷ luật**
  - Người sử dụng lao động phải lập **biên bản** ghi nhận hành vi vi phạm, có chữ ký của người lao động hoặc người làm chứng.
- **Bước 2: Thông báo bằng văn bản cho người lao động**
  - Nội dung: hành vi vi phạm, hình thức kỷ luật đề xuất, thời gian tổ chức họp.
- **Bước 3: Tổ chức cuộc họp xử lý kỷ luật**
  - Thành phần tham dự:
    - Người sử dụng lao động hoặc người được ủy quyền;
    - Người lao động bị xử lý;
    - Đại diện Ban Chấp hành Công đoàn cơ sở (nếu có);
    - Người có thẩm quyền xử lý kỷ luật.
  - Người lao động có quyền **trình bày ý kiến, tự bào chữa, mời luật sư hoặc người đại diện**.
- **Bước 4: Ra quyết định xử lý kỷ luật**
  - Quyết định phải được **lập thành văn bản**, nêu rõ lý do, căn cứ pháp lý, hình thức kỷ luật.
  - Gửi quyết định cho người lao động, công đoàn cơ sở, và lưu hồ sơ.

> ⚠️ Nếu không tổ chức họp xử lý kỷ luật hoặc vi phạm trình tự, quyết định kỷ luật có thể bị **vô hiệu**.

---

### **III. XỬ PHẠT HÀNH VI XÂM PHẠM THÂN THỂ, NHÂN PHẨM NGƯỜI LAO ĐỘNG**

Theo **Nghị định 12/2022/NĐ-CP** (sửa đổi, bổ sung một số điều của Nghị định 145/2020/NĐ-CP), quy định xử phạt vi phạm hành chính trong lĩnh vực lao động, có hiệu lực từ 01/03/2022.

#### **1. Hành vi bị cấm (Điều 4 Nghị định 12/2022/NĐ-CP)**
Các hành vi **xâm phạm thân thể, nhân phẩm, danh dự người lao động** bị nghiêm cấm, bao gồm:
- Đánh đập, hành hạ, lăng mạ, xúc phạm danh dự, nhân phẩm người lao động;
- Phân biệt đối xử, quấy rối tình dục, bạo lực tại nơi làm việc;
- Buộc người lao động làm việc dưới hình thức phạt thể xác, phạt nặng, trái pháp luật.

#### **2. Khung xử phạt (Điều 25 Nghị định 12/2022/NĐ-CP)**
> **Mức phạt tiền đối với cá nhân và tổ chức vi phạm:**

| Hành vi vi phạm | Mức phạt tiền (cá nhân) | Mức phạt tiền (tổ chức) |
|------------------|--------------------------|--------------------------|
| Xâm phạm thân thể, nhân phẩm, danh dự người lao động | Từ **10 triệu đến 15 triệu đồng** | Từ **20 triệu đến 30 triệu đồng** |
| Có hành vi bạo lực, đe dọa bạo lực, quấy rối tình dục | Từ **15 triệu đến 20 triệu đồng** | Từ **30 triệu đến 40 triệu đồng** |
| Cố ý làm nhục, xúc phạm nghiêm trọng | Từ **20 triệu đến 25 triệu đồng** | Từ **40 triệu đến 50 triệu đồng** |

> ⚠️ Ngoài phạt tiền, người sử dụng lao động còn có thể bị:
- **Buộc xin lỗi công khai** người lao động;
- **Buộc bồi thường thiệt hại** (nếu có);
- **Tước quyền sử dụng giấy phép, chứng chỉ hành nghề** từ 01 đến 03 tháng (nếu vi phạm nghiêm trọng).

---

### **IV. BẢO ĐẢM QUYỀN CON NGƯỜI TRONG XỬ LÝ KỶ LUẬT**

Theo Hiến pháp 2013 và Bộ luật Lao động 2019, mọi người đều có quyền được **tôn trọng nhân phẩm, danh dự, thân thể** (Điều 20 Hiến pháp). Việc xử lý kỷ luật phải đảm bảo:
- **Công bằng, minh bạch, đúng trình tự**;
- **Không phân biệt đối xử, không trù dập**;
- **Tôn trọng quyền được bào chữa, quyền được bảo vệ của người lao động**.

---

### **KẾT LUẬN**

- **Kỷ luật lao động** phải tuân thủ đúng **hình thức, trình tự, thời hiệu** theo **Bộ luật Lao động 2019 (Điều 123, 124, 125)**.
- **Xâm phạm thân thể, nhân phẩm người lao động** bị xử phạt nghiêm theo **Nghị định 12/2022/NĐ-CP**, với mức phạt lên đến **50 triệu đồng** đối với tổ chức.
- Người sử dụng lao động cần xây dựng **nội quy lao động minh bạch**, tổ chức **họp kỷ luật đúng quy trình**, và **tôn trọng quyền con người** để tránh vi phạm pháp luật.

> ✅ **Khuyến nghị**: Doanh nghiệp nên phối hợp với công đoàn, luật sư lao động khi xử lý kỷ luật để đảm bảo tính hợp pháp, tránh tranh chấp lao động.",
"Chấm dứt hợp đồng lao động và trợ cấp: Tổng hợp các căn cứ chấm dứt hợp đồng lao động theo Bộ luật Lao động 2019 và quy trình tính toán thời gian làm việc thực tế để chi trả trợ cấp thôi việc, trợ cấp mất việc làm tại Nghị định 145/2020/NĐ-CP",[],"Theo **Bộ luật Lao động năm 2019** và **Nghị định 145/2020/NĐ-CP** hướng dẫn thi hành, dưới đây là tổng hợp các **căn cứ chấm dứt hợp đồng lao động** và **quy trình tính toán thời gian làm việc thực tế** để chi trả **trợ cấp thôi việc** và **trợ cấp mất việc làm**.

---

### **I. CĂN CỨ CHẤM DỨT HỢP ĐỒNG LAO ĐỘNG THEO BỘ LUẬT LAO ĐỘNG 2019**

Căn cứ **Điều 34, Điều 35, Điều 36, Điều 37, Điều 38 và Điều 47 Bộ luật Lao động năm 2019**, hợp đồng lao động chấm dứt khi xảy ra một trong các trường hợp sau:

#### **1. Hết hạn hợp đồng lao động (Điều 34.1.a)**
- Hợp đồng lao động xác định thời hạn hoặc theo mùa vụ, công việc nhất định đã hết thời hạn.
- **Trừ trường hợp**: Hai bên ký kết hợp đồng mới trong vòng 30 ngày, thì thời gian làm việc trước được tính dồn để chi trả trợ cấp.

#### **2. Người lao động và người sử dụng lao động thỏa thuận chấm dứt hợp đồng (Điều 34.1.b)**
- Hai bên tự nguyện thỏa thuận chấm dứt HĐLĐ trước thời hạn.
- Phải lập văn bản và ghi rõ lý do, thời điểm chấm dứt.

#### **3. Người lao động đủ điều kiện về tuổi nghỉ hưu (Điều 34.1.c)**
- Đã đủ tuổi nghỉ hưu theo quy định tại **Điều 169 Bộ luật Lao động 2019**.
- Trường hợp này **không thuộc diện chi trả trợ cấp thôi việc**, nhưng có thể được hưởng lương hưu.

#### **4. Người lao động bị xử lý kỷ luật sa thải (Điều 34.1.d)**
- Bị sa thải do vi phạm kỷ luật lao động nghiêm trọng.
- **Không được hưởng trợ cấp thôi việc**.

#### **5. Người lao động đơn phương chấm dứt HĐLĐ trái pháp luật (Điều 34.1.e)**
- Nghỉ việc không báo trước hoặc không đúng lý do theo quy định.
- **Không được hưởng trợ cấp thôi việc**.

#### **6. Người sử dụng lao động chấm dứt HĐLĐ trái pháp luật (Điều 34.1.f)**
- Người sử dụng lao động đơn phương chấm dứt HĐLĐ không đúng quy định.
- Người lao động có quyền yêu cầu bồi thường hoặc tiếp tục làm việc.

#### **7. Người lao động chết, bị Tòa án tuyên bố mất năng lực hành vi dân sự, mất tích hoặc chết (Điều 34.1.g)**

#### **8. Người sử dụng lao động chấm dứt hoạt động (Điều 34.1.h)**
- Doanh nghiệp giải thể, phá sản, ngừng hoạt động.
- **Là căn cứ để chi trả trợ cấp thôi việc hoặc trợ cấp mất việc làm**.

#### **9. Hợp đồng lao động chấm dứt do thay đổi cơ cấu, công nghệ, sáp nhập, hợp nhất, chia tách doanh nghiệp (Điều 44, 45 BLLĐ)**
- Người sử dụng lao động phải thực hiện **kế hoạch sử dụng lao động** và **chi trả trợ cấp mất việc làm** nếu không thể bố trí việc làm.

---

### **II. TRỢ CẤP THÔI VIỆC VÀ TRỢ CẤP MẤT VIỆC LÀM**

#### **1. Trợ cấp thôi việc (Điều 46 Bộ luật Lao động 2019)**
- **Áp dụng khi chấm dứt HĐLĐ** theo các căn cứ tại **Điều 34.1.a, b, c, h** (trừ khi NLĐ đủ tuổi nghỉ hưu thì không tính).
- **Mức trợ cấp**:  
  > ½ tháng tiền lương cho mỗi năm làm việc.

- **Điều kiện**:  
  Người lao động đã làm việc thường xuyên cho người sử dụng lao động **từ 12 tháng trở lên**.

#### **2. Trợ cấp mất việc làm (Điều 49 Bộ luật Lao động 2019 và Điều 35 Nghị định 145/2020/NĐ-CP)**
- **Áp dụng khi**:  
  Người sử dụng lao động thay đổi cơ cấu, công nghệ, lý do kinh tế, sáp nhập, chia tách, **dẫn đến phải cho thôi việc** dù người lao động không có lỗi.

- **Mức trợ cấp**:  
  > Ít nhất 01 tháng tiền lương.

- **Tăng thêm**:  
  > ½ tháng tiền lương cho mỗi năm làm việc.

> → Tổng cộng: **Tối thiểu 1 tháng + ½ tháng cho mỗi năm làm việc**.

---

### **III. CÁCH TÍNH THỜI GIAN LÀM VIỆC THỰC TẾ ĐỂ CHI TRẢ TRỢ CẤP**

Theo **Điều 33 Nghị định 145/2020/NĐ-CP**, thời gian làm việc để tính trợ cấp bao gồm:

#### **1. Các khoảng thời gian được tính:**
- Thời gian làm việc thực tế cho người sử dụng lao động.
- Thời gian thử việc (nếu có).
- Thời gian nghỉ hằng tuần (nghỉ lễ, Tết, nghỉ hàng năm có lương).
- Thời gian nghỉ việc riêng, nghỉ việc hưởng nguyên lương theo quy định.
- Thời gian nghỉ ốm, thai sản, tai nạn lao động **nếu đã đóng BHXH**.
- Thời gian tạm hoãn HĐLĐ (nghĩa vụ quân sự, học tập, bị tạm giữ... nhưng sau đó trở lại làm việc).

#### **2. Các khoảng thời gian KHÔNG được tính:**
- Thời gian người lao động **không làm việc và không hưởng lương** quá 14 ngày/tháng (trừ trường hợp ốm đau, thai sản... có lý do chính đáng).
- Thời gian làm việc cho **người sử dụng lao động khác**.

#### **3. Cách quy đổi thời gian:**
- Tổng thời gian làm việc được tính bằng **năm, tháng, ngày**.
- **Từ đủ 12 tháng trở lên** mới được tính 1 năm.
- **Thời gian lẻ từ đủ 01 tháng đến dưới 06 tháng**: làm tròn thành **½ năm**.
- **Từ đủ 06 tháng trở lên**: làm tròn thành **01 năm**.

> **Ví dụ**: Làm việc 5 năm 8 tháng → tính là **6 năm**.

---

### **IV. CÁCH TÍNH MỨC TIỀN TRỢ CẤP**

#### **1. Tiền lương để tính trợ cấp (Điều 33 NĐ 145/2020):**
- Là **mức lương bình quân theo HĐLĐ của 06 tháng liền kề trước khi chấm dứt HĐLĐ**.
- Bao gồm: lương cơ bản + phụ cấp (nếu có) + các khoản bổ sung khác (theo thỏa thuận trong HĐLĐ).

> Không tính các khoản: trợ cấp xã hội, tiền thưởng, tiền ăn ca, phụ cấp đi lại...

#### **2. Công thức tính:**

**Trợ cấp thôi việc** =  
> (Số năm làm việc) × (½ × Mức lương bình quân 6 tháng cuối)

**Trợ cấp mất việc làm** =  
> (Số năm làm việc) × (½ × Mức lương bình quân 6 tháng cuối) + **ít nhất 1 tháng lương**

---

### **V. TRÁCH NHIỆM THANH TOÁN**

- Người sử dụng lao động phải thanh toán **trong vòng 14 ngày** kể từ ngày chấm dứt HĐLĐ.
- Trường hợp đặc biệt (do thiên tai, dịch bệnh, di dời...) có thể kéo dài nhưng **không quá 30 ngày** (Điều 47.2 BLLĐ 2019).

---

### **TÓM LẠI**

| Yếu tố | Trợ cấp thôi việc | Trợ cấp mất việc làm |
|--------|-------------------|------------------------|
| **Căn cứ chấm dứt** | Hết hạn HĐ, thỏa thuận, doanh nghiệp chấm dứt hoạt động | Thay đổi cơ cấu, công nghệ, lý do kinh tế |
| **Điều kiện** | Làm việc ≥ 12 tháng | Làm việc ≥ 12 tháng |
| **Mức trợ cấp** | ½ tháng lương/năm | ½ tháng lương/năm + ít nhất 1 tháng lương |
| **Tính thời gian** | Theo Điều 33 NĐ 145/2020 | Theo Điều 33 NĐ 145/2020 |

---

### **CĂN CỨ PHÁP LÝ**
- **Bộ luật Lao động năm 2019**: Điều 34, 46, 47, 49.
- **Nghị định 145/2020/NĐ-CP**: Điều 33, 35 (hướng dẫn chi tiết thi hành BLLĐ).

Nếu cần mẫu quyết toán trợ cấp hoặc bảng tính cụ thể, vui lòng cung cấp thông tin thời gian làm việc và mức lương.",
"Bảo vệ nhóm lao động yếu thế: Tổng hợp danh mục các công việc nặng nhọc, độc hại gây ảnh hưởng xấu đến chức năng sinh sản (Thông tư 10/2020/TT-BLĐTBXH) và các nguyên tắc sử dụng lao động chưa thành niên, người khuyết tật trong Bộ luật Lao động 2019",[],"Việc bảo vệ các nhóm lao động yếu thế như **lao động chưa thành niên**, **người khuyết tật**, **lao động nữ**, đặc biệt là những người có nguy cơ bị ảnh hưởng bởi công việc nặng nhọc, độc hại, nguy hiểm hoặc ảnh hưởng xấu đến chức năng sinh sản, là một nội dung quan trọng được quy định trong **Bộ luật Lao động 2019** và các văn bản hướng dẫn thi hành, trong đó có **Thông tư 10/2020/TT-BLĐTBXH**.

Dưới đây là tổng hợp theo yêu cầu:

---

### **I. Danh mục công việc nặng nhọc, độc hại, nguy hiểm và ảnh hưởng xấu đến chức năng sinh sản (theo Thông tư 10/2020/TT-BLĐTBXH)**

**Thông tư 10/2020/TT-BLĐTBXH** ngày 16/12/2020 của Bộ Lao động - Thương binh và Xã hội ban hành Danh mục công việc nặng nhọc, độc hại, nguy hiểm và đặc biệt nặng nhọc, độc hại, nguy hiểm; Danh mục nghề, công việc cấm sử dụng lao động nữ; Danh mục nghề, công việc cấm sử dụng người dưới 18 tuổi.

#### 1. **Danh mục công việc ảnh hưởng xấu đến chức năng sinh sản và nuôi con bằng sữa mẹ**  
*(Phụ lục III - Thông tư 10/2020/TT-BLĐTBXH)*

Các công việc sau đây bị cấm sử dụng **lao động nữ** trong thời gian mang thai, nuôi con dưới 12 tháng tuổi, hoặc bị hạn chế sử dụng do ảnh hưởng đến sinh sản:

- Làm việc trong môi trường có tiếp xúc với các hóa chất độc hại như: chì, thủy ngân, benzen, formaldehyde, thuốc trừ sâu, thuốc diệt cỏ, thuốc nhuộm, thuốc sát trùng...
- Làm việc trong môi trường có bức xạ ion hóa (tia X, tia gamma...).
- Làm việc trong môi trường có tiếng ồn lớn (trên 85 dB).
- Làm việc trong môi trường có rung toàn thân hoặc rung cục bộ.
- Làm việc ở nhiệt độ cao (trên 35°C) hoặc nhiệt độ thấp (dưới 10°C).
- Làm việc ở độ cao trên 2 mét không có thiết bị bảo vệ an toàn.
- Làm việc phải khuân vác nặng (trên 20 kg thường xuyên hoặc 30 kg thỉnh thoảng).
- Làm việc trong môi trường thiếu oxy, có khí độc (CO, H2S, NOx...).
- Làm việc trong môi trường có nguy cơ nhiễm vi sinh vật gây bệnh (virus, vi khuẩn, nấm...).
- Làm việc phải đứng lâu, đi lại nhiều, nguy cơ té ngã cao (ảnh hưởng đến thai kỳ).

> **Căn cứ pháp lý**: *Phụ lục III - Danh mục nghề, công việc ảnh hưởng xấu đến chức năng sinh sản và nuôi con bằng sữa mẹ*, Thông tư 10/2020/TT-BLĐTBXH.

---

### **II. Nguyên tắc sử dụng lao động chưa thành niên (người dưới 18 tuổi)**

Theo **Bộ luật Lao động 2019**, các quy định chính như sau:

#### 1. **Độ tuổi lao động**
- Người lao động từ đủ **15 tuổi đến dưới 18 tuổi** là **lao động chưa thành niên** (Điều 145 BLLĐ 2019).
- Người từ đủ **13 tuổi đến dưới 15 tuổi** chỉ được làm một số công việc nhẹ theo danh mục do Bộ LĐTBXH ban hành (Điều 146).

#### 2. **Cấm sử dụng lao động chưa thành niên vào các công việc sau**:
- Công việc nặng nhọc, độc hại, nguy hiểm và đặc biệt nặng nhọc, độc hại, nguy hiểm (theo Danh mục tại Thông tư 10/2020).
- Công việc có nguy cơ ảnh hưởng xấu đến nhân cách và sự phát triển thể lực, trí tuệ, nhân phẩm của người chưa thành niên.
- Làm việc quá giờ, làm việc ban đêm (từ 22h đến 6h sáng hôm sau), trừ một số ngành nghề đặc thù được phép (nghệ thuật, thể thao...) nhưng phải được sự đồng ý của người đại diện theo pháp luật và cơ quan quản lý lao động.

> **Căn cứ pháp lý**: *Điều 147 Bộ luật Lao động 2019*.

#### 3. **Hạn chế thời gian làm việc**
- Người dưới 15 tuổi: không quá **4 giờ/ngày**.
- Người từ 15 đến dưới 18 tuổi: không quá **8 giờ/ngày** và **40 giờ/tuần**.

> **Căn cứ pháp lý**: *Điều 148 Bộ luật Lao động 2019*.

#### 4. **Khám sức khỏe định kỳ**
- Phải khám sức khỏe trước khi tuyển dụng và định kỳ ít nhất **6 tháng/lần**.

> **Căn cứ pháp lý**: *Điều 149 Bộ luật Lao động 2019*.

---

### **III. Nguyên tắc sử dụng người khuyết tật**

#### 1. **Quy định chung**
- Người khuyết tật được bảo đảm **bình đẳng trong lao động**, không bị phân biệt đối xử (Điều 5, Điều 150 BLLĐ 2019).
- Người sử dụng lao động có trách nhiệm **tạo điều kiện** để người khuyết tật tham gia lao động phù hợp với khả năng.

#### 2. **Hỗ trợ và bảo vệ**
- Được **ưu tiên đào tạo**, **hỗ trợ việc làm**, **trợ cấp**, **bảo hiểm xã hội** theo quy định.
- Doanh nghiệp có từ 10 lao động trở lên phải **tuyển dụng ít nhất 3%** lao động là người khuyết tật, người dân tộc thiểu số, người ở vùng kinh tế - xã hội đặc biệt khó khăn (trừ trường hợp được miễn theo quy định).

> **Căn cứ pháp lý**: *Điều 150, Điều 151 Bộ luật Lao động 2019*.

#### 3. **Làm việc trong điều kiện phù hợp**
- Người sử dụng lao động phải **bố trí công việc, trang thiết bị, môi trường làm việc phù hợp** với loại tật, mức độ khuyết tật.
- Không được giao việc vượt quá khả năng, sức khỏe.

---

### **Tóm tắt nguyên tắc chung bảo vệ nhóm lao động yếu thế**

| Nhóm lao động | Hạn chế/Cấm | Nguyên tắc bảo vệ |
|---------------|-------------|---------------------|
| **Lao động nữ** | Cấm làm nghề, công việc ảnh hưởng đến sinh sản (Phụ lục III, Thông tư 10/2020) | Không làm việc nặng, độc hại, ban đêm khi mang thai, nuôi con <12 tháng |
| **Lao động chưa thành niên** | Cấm làm việc nặng, độc hại, ban đêm, quá giờ | Giới hạn giờ làm, khám sức khỏe định kỳ, không phân biệt đối xử |
| **Người khuyết tật** | Không cấm tuyệt đối, nhưng phải phù hợp với sức khỏe | Ưu tiên tuyển dụng, hỗ trợ môi trường làm việc, không phân biệt |

---

### **Kết luận**

Việc bảo vệ các nhóm lao động yếu thế được pháp luật lao động Việt Nam quy định chặt chẽ nhằm đảm bảo **quyền lợi, sức khỏe, sự phát triển toàn diện** và **bình đẳng trong lao động**. Các doanh nghiệp cần tuân thủ nghiêm các quy định về:

- Danh mục công việc cấm (Thông tư 10/2020/TT-BLĐTBXH),
- Độ tuổi, thời gian làm việc,
- Khám sức khỏe,
- Môi trường làm việc phù hợp.

> **Tài liệu tham khảo chính**:
> - Bộ luật Lao động số 45/2019/QH14 (có hiệu lực từ 01/01/2021).
> - Thông tư 10/2020/TT-BLĐTBXH ngày 16/12/2020.

Nếu cần danh mục cụ thể từng nghề/công việc, có thể cung cấp thêm theo Phụ lục của Thông tư.",
